fecha;rk;tipo;localizacion;latitud;longitud;profundidad;especie;sexo;estado_caparazon;cirripedio;largo_caparazon;ancho_caparazon;largo_quela;ancho_quela;huevos;parasito
jul_97;1;Captura total trampas wp 149;;-54.8563333;-68.038;22;2;1;3;;90.1;;;;;
jul_97;2;Captura total trampas wp 149;;-54.8563333;-68.038;22;2;1;3;;87.2;;;;;
jul_97;3;Captura total trampas wp 149;;-54.8563333;-68.038;22;2;2;4;;63.5;;;;1;
jul_97;4;Captura total trampas wp 149;;-54.8563333;-68.038;22;2;1;4;2;88;;;;;
jul_97;5;Captura total trampas wp 149;;-54.8563333;-68.038;22;2;1;4;2;85.7;;;;;
jul_97;6;Captura total trampas wp 149;;-54.8563333;-68.038;22;2;1;4;2;88.7;;;;;
jul_97;7;Captura total trampas wp 149;;-54.8563333;-68.038;22;2;1;4;2;92.5;;;;;
jul_97;8;Captura total trampas wp 149;;-54.8563333;-68.038;22;2;1;4;2;92.3;;;;;
jul_97;9;Captura total trampas wp 149;;-54.8563333;-68.038;22;2;1;3;;92;;;;;
jul_97;10;Captura total trampas wp 149;;-54.8563333;-68.038;22;2;1;4;2;83.1;;;;;
jul_97;11;Captura total trampas wp 149;;-54.8563333;-68.038;22;2;1;4;2;86.9;;;;;
jul_97;12;Captura total trampas wp 149;;-54.8563333;-68.038;22;2;1;3;;77.4;;;;;
jul_97;13;Captura total trampas wp 149;;-54.8563333;-68.038;22;2;1;4;;83.2;;;;;
jul_97;14;Captura total trampas wp 149;;-54.8563333;-68.038;22;2;1;4;2;86.8;;;;;
jul_97;15;Captura total trampas wp 149;;-54.8563333;-68.038;22;2;1;3;;89.4;;;;;
jul_97;16;Captura total trampas wp 149;;-54.8563333;-68.038;22;2;1;3;;95.5;;;;;
jul_97;17;Captura total trampas wp 149;;-54.8563333;-68.038;22;2;2;3;;71;;;;1;
jul_97;18;Captura total trampas wp 149;;-54.8563333;-68.038;22;2;2;4;;75.1;;;;3;
jul_97;19;Captura total trampas wp 149;;-54.8563333;-68.038;22;2;2;3;;77.5;;;;7;
jul_97;20;Captura total trampas wp 149;;-54.8563333;-68.038;22;2;2;4;2;75.1;;;;3;
jul_97;21;Captura total trampas wp 149;;-54.8563333;-68.038;22;2;2;3;;69.7;;;;1;
jul_97;22;Captura total trampas wp 149;;-54.8563333;-68.038;22;2;2;3;;75.9;;;;1;
jul_97;23;Captura total trampas wp 149;;-54.8563333;-68.038;22;2;2;4;2;68.3;;;;3;
jul_97;24;Captura total trampas wp 149;;-54.8563333;-68.038;22;2;1;3;;85.8;;;;;
jul_97;25;Captura total trampas wp 149;;-54.8563333;-68.038;22;2;1;3;;81.9;;;;;
jul_97;26;Captura total trampas wp 149;;-54.8563333;-68.038;22;2;1;3;;97.1;;;;;
jul_97;27;Captura total trampas wp 149;;-54.8563333;-68.038;22;2;1;3;;77.6;;;;;2
jul_97;28;Captura total trampas wp 149;;-54.8563333;-68.038;22;2;1;3;;87.4;;;;;
jul_97;29;Captura total trampas wp 149;;-54.8563333;-68.038;22;2;2;3;;64.7;;;;1;
jul_97;30;Captura total trampas wp 149;;-54.8563333;-68.038;22;2;2;4;;78.5;;;;3;
jul_97;31;Captura total trampas wp 149;;-54.8563333;-68.038;22;2;2;3;;71.9;;;;1;
jul_97;32;Captura total trampas wp 149;;-54.8563333;-68.038;22;2;1;3;;71.7;;;;;
jul_97;33;Captura total trampas wp 149;;-54.8563333;-68.038;22;2;1;3;;81.9;;;;;
jul_97;34;Captura total trampas wp 149;;-54.8563333;-68.038;22;2;1;4;2;93.2;;;;;
jul_97;35;Captura total trampas wp 149;;-54.8563333;-68.038;22;2;1;3;;83.9;;;;;
jul_97;36;Captura total trampas wp 149;;-54.8563333;-68.038;22;2;1;3;;80.1;;;;;
jul_97;37;Captura total trampas wp 149;;-54.8563333;-68.038;22;2;1;3;;77.4;;;;;
jul_97;38;Captura total trampas wp 149;;-54.8563333;-68.038;22;2;1;3;;95.6;;;;;
jul_97;39;Captura total trampas wp 149;;-54.8563333;-68.038;22;2;1;3;;83.1;;;;;
jul_97;40;Captura total trampas wp 149;;-54.8563333;-68.038;22;2;1;3;;98.4;;;;;
jul_97;41;Captura total trampas wp 149;;-54.8563333;-68.038;22;2;1;3;;99.8;;;;;
jul_97;42;Captura total trampas wp 149;;-54.8563333;-68.038;22;2;1;3;;86.6;;;;;
jul_97;43;Captura total trampas wp 149;;-54.8563333;-68.038;22;2;1;4;2;87.2;;;;;
jul_97;44;Captura total trampas wp 149;;-54.8563333;-68.038;22;2;2;4;;77;;;;3;
jul_97;45;Captura total trampas wp 149;;-54.8563333;-68.038;22;2;1;3;;81.3;;;;;
jul_97;46;Captura total trampas wp 149;;-54.8563333;-68.038;22;2;1;4;2;85.5;;;;;
jul_97;47;Captura total trampas wp 149;;-54.8563333;-68.038;22;2;2;3;;76.3;;;;1;
jul_97;48;Captura total trampas wp 149;;-54.8563333;-68.038;22;2;1;4;2;82.4;;;;;
jul_97;49;Captura total trampas wp 149;;-54.8563333;-68.038;22;2;1;3;;84.3;;;;;
jul_97;50;Captura total trampas wp 149;;-54.8563333;-68.038;22;2;1;3;;91.7;;;;;
jul_97;51;Captura total trampas wp 149;;-54.8563333;-68.038;22;2;2;4;2;79.6;;;;1;
jul_97;52;Captura total trampas wp 149;;-54.8563333;-68.038;22;2;1;3;;88.9;;;;;
jul_97;53;Captura total trampas wp 149;;-54.8563333;-68.038;22;2;1;4;2;88.5;;;;;
jul_97;54;Captura total trampas wp 149;;-54.8563333;-68.038;22;2;1;4;;94.4;;;;;
jul_97;55;Captura total trampas wp 149;;-54.8563333;-68.038;22;2;1;3;;86;;;;;
jul_97;56;Captura total trampas wp 149;;-54.8563333;-68.038;22;2;2;4;2;78.4;;;;3;
jul_97;57;Captura total trampas wp 149;;-54.8563333;-68.038;22;2;1;3;;91.5;;;;;
jul_97;58;Captura total trampas wp 149;;-54.8563333;-68.038;22;2;1;3;;88.5;;;;;
jul_97;59;Captura total trampas wp 149;;-54.8563333;-68.038;22;2;1;4;2;97;;;;;
jul_97;60;Captura total trampas wp 149;;-54.8563333;-68.038;22;2;1;3;;86.5;;;;;
jul_97;61;Captura total trampas wp 149;;-54.8563333;-68.038;22;2;2;4;;70.7;;;;5;
jul_97;62;Captura total trampas wp 149;;-54.8563333;-68.038;22;2;1;3;;44.8;;;;;
jul_97;63;Captura total trampas wp 149;;-54.8563333;-68.038;22;2;2;3;;78;;;;;
jul_97;64;Captura total trampas wp 149;;-54.8563333;-68.038;22;2;2;4;2;68;;;;3;
jul_97;65;Captura total trampas wp 149;;-54.8563333;-68.038;22;2;2;3;;73;;;;1;
jul_97;66;Captura total trampas wp 149;;-54.8563333;-68.038;22;2;2;4;2;69.9;;;;0;
jul_97;67;Captura total trampas wp 149;;-54.8563333;-68.038;22;2;1;3;;94.9;;;;;
jul_97;68;Captura total trampas wp 149;;-54.8563333;-68.038;22;2;2;3;;74.8;;;;1;
jul_97;69;Captura total trampas wp 149;;-54.8563333;-68.038;22;2;2;3;;78;;;;1;
jul_97;70;Captura total trampas wp 149;;-54.8563333;-68.038;22;2;2;3;;75.4;;;;1;
jul_97;71;Captura total trampas wp 149;;-54.8563333;-68.038;22;2;2;4;2;70;;;;3;
jul_97;72;Captura total trampas wp 149;;-54.8563333;-68.038;22;2;1;3;;87.5;;;;;
jul_97;73;Captura total trampas wp 149;;-54.8563333;-68.038;22;2;2;3;;73.5;;;;1;
jul_97;74;Captura total trampas wp 149;;-54.8563333;-68.038;22;2;1;3;2;91.9;;;;;
jul_97;75;Captura total trampas wp 149;;-54.8563333;-68.038;22;2;2;4;;67;;;;3;
jul_97;76;Captura total trampas wp 149;;-54.8563333;-68.038;22;2;2;3;;70.7;;;;1;20
jul_97;77;Captura total trampas wp 149;;-54.8563333;-68.038;22;2;1;4;2;91;;;;;
jul_97;78;Captura total trampas wp 149;;-54.8563333;-68.038;22;2;1;4;2;86.4;;;;;20
jul_97;79;Captura total trampas wp 149;;-54.8563333;-68.038;22;2;1;3;;73.4;;;;;
jul_97;80;Captura total trampas wp 149;;-54.8563333;-68.038;22;2;1;3;;87.2;;;;;
jul_97;81;Captura total trampas wp 149;;-54.8563333;-68.038;22;2;2;3;;62.9;;;;1;
jul_97;82;Captura total trampas wp 149;;-54.8563333;-68.038;22;2;1;3;;85;;;;;
jul_97;83;Captura total trampas wp 149;;-54.8563333;-68.038;22;2;1;3;;82.3;;;;;
jul_97;84;Captura total trampas wp 149;;-54.8563333;-68.038;22;2;1;3;;74.2;;;;;
jul_97;85;Captura total trampas wp 149;;-54.8563333;-68.038;22;2;1;3;;90;;;;;
jul_97;86;Captura total trampas wp 149;;-54.8563333;-68.038;22;2;1;3;;90.6;;;;;
jul_97;87;Captura total trampas wp 149;;-54.8563333;-68.038;22;2;1;3;;86.7;;;;;
jul_97;88;Captura total trampas wp 149;;-54.8563333;-68.038;22;2;1;3;;82.1;;;;;
jul_97;89;Captura total trampas wp 149;;-54.8563333;-68.038;22;2;2;3;;76.3;;;;1;
jul_97;90;Captura total trampas wp 149;;-54.8563333;-68.038;22;2;2;3;;63.5;;;;1;
jul_97;91;Captura total trampas wp 149;;-54.8563333;-68.038;22;2;1;3;;90.6;;;;;
jul_97;92;Captura total trampas wp 149;;-54.8563333;-68.038;22;2;1;3;;80.3;;;;;
jul_97;93;Captura total trampas wp 149;;-54.8563333;-68.038;22;2;1;3;;90.2;;;;;
jul_97;94;Captura total trampas wp 149;;-54.8563333;-68.038;22;2;1;3;;90.2;;;;;
jul_97;95;Captura total trampas wp 149;;-54.8563333;-68.038;22;2;2;4;2;77.7;;;;3;
jul_97;96;Captura total trampas wp 149;;-54.8563333;-68.038;22;2;1;4;;99.1;;;;;
jul_97;97;Captura total trampas wp 149;;-54.8563333;-68.038;22;2;2;3;;70.8;;;;1;
jul_97;98;Captura total trampas wp 149;;-54.8563333;-68.038;22;2;2;4;2;73.4;;;;7;
jul_97;99;Captura total trampas wp 149;;-54.8563333;-68.038;22;2;2;4;2;75.1;;;;7;
jul_97;100;Captura total trampas wp 149;;-54.8563333;-68.038;22;2;2;3;;71.5;;;;1;
jul_97;101;Captura total trampas wp 149;;-54.8563333;-68.038;22;2;2;3;;75.7;;;;1;
jul_97;102;Captura total trampas wp 149;;-54.8563333;-68.038;22;2;2;3;;68.6;;;;1;
jul_97;103;Captura total trampas wp 149;;-54.8563333;-68.038;22;2;2;4;2;71.5;;;;3;
jul_97;104;Captura total trampas wp 149;;-54.8563333;-68.038;22;2;2;3;;71.8;;;;1;
jul_97;105;Captura total trampas wp 149;;-54.8563333;-68.038;22;2;2;3;;68.6;;;;1;
jul_97;106;Captura total trampas wp 149;;-54.8563333;-68.038;22;2;2;3;;60.5;;;;1;
jul_97;107;Captura total trampas wp 149;;-54.8563333;-68.038;22;2;2;3;;69.7;;;;3;
jul_97;108;Captura total trampas wp 149;;-54.8563333;-68.038;22;2;2;3;;71.1;;;;1;
jul_97;109;Captura total trampas wp 149;;-54.8563333;-68.038;22;2;2;3;;81.5;;;;1;
jul_97;110;Captura total trampas wp 149;;-54.8563333;-68.038;22;2;2;3;2;62.9;;;;1;
jul_97;111;Captura total 2 trampas;wp 150;-54.8580833;-68.03978333;24;2;1;3;;94.1;;;;;
jul_97;112;Captura total 2 trampas;wp 150;-54.8580833;-68.03978333;24;2;1;3;;91.7;;;;;
jul_97;113;Captura total 2 trampas;wp 150;-54.8580833;-68.03978333;24;2;1;3;;95.6;;;;;
jul_97;114;Captura total 2 trampas;wp 150;-54.8580833;-68.03978333;24;2;1;3;;94.1;;;;;
jul_97;115;Captura total 2 trampas;wp 150;-54.8580833;-68.03978333;24;2;1;3;;100.9;;;;;
jul_97;116;Captura total 2 trampas;wp 150;-54.8580833;-68.03978333;24;2;1;3;;83;;;;;
jul_97;117;Captura total 2 trampas;wp 150;-54.8580833;-68.03978333;24;2;1;3;;89.8;;;;;
jul_97;118;Captura total 2 trampas;wp 150;-54.8580833;-68.03978333;24;2;1;3;;89.7;;;;;
jul_97;119;Captura total 2 trampas;wp 150;-54.8580833;-68.03978333;24;2;1;3;;82.7;;;;;
jul_97;120;Captura total 2 trampas;wp 150;-54.8580833;-68.03978333;24;2;1;3;;99.7;;;;;
jul_97;121;Captura total 2 trampas;wp 150;-54.8580833;-68.03978333;24;2;2;4;2;62.4;;;;3;
jul_97;122;Captura total 2 trampas;wp 150;-54.8580833;-68.03978333;24;2;1;4;2;88.8;;;;;
jul_97;123;Captura total 2 trampas;wp 150;-54.8580833;-68.03978333;24;2;1;4;2;97.9;;;;;
jul_97;124;Captura total 2 trampas;wp 150;-54.8580833;-68.03978333;24;2;1;3;;92.7;;;;;
jul_97;125;Captura total 2 trampas;wp 150;-54.8580833;-68.03978333;24;2;1;3;;81.9;;;;;
jul_97;126;Captura total 2 trampas;wp 150;-54.8580833;-68.03978333;24;2;1;3;;88.7;;;;;
jul_97;127;Captura total 2 trampas;wp 150;-54.8580833;-68.03978333;24;2;1;3;;90.7;;;;;
jul_97;128;Captura total 2 trampas;wp 150;-54.8580833;-68.03978333;24;2;1;3;;92.5;;;;;
jul_97;129;Captura total 2 trampas;wp 150;-54.8580833;-68.03978333;24;2;2;4;2;73.2;;;;3;
jul_97;130;Captura total 2 trampas;wp 150;-54.8580833;-68.03978333;24;2;2;4;2;65.9;;;;3;
jul_97;131;Captura total 2 trampas;wp 150;-54.8580833;-68.03978333;24;2;2;4;2;93.8;;;;;
jul_97;132;Captura total 2 trampas;wp 150;-54.8580833;-68.03978333;24;2;1;3;;89.9;;;;;
jul_97;133;Captura total 2 trampas;wp 150;-54.8580833;-68.03978333;24;2;1;4;2;91.3;;;;;
jul_97;134;Captura total 2 trampas;wp 150;-54.8580833;-68.03978333;24;2;2;4;2;65.1;;;;3;
jul_97;135;Captura total 2 trampas;wp 150;-54.8580833;-68.03978333;24;2;2;4;2;72.4;;;;7;
jul_97;136;Captura total 2 trampas;wp 150;-54.8580833;-68.03978333;24;2;1;3;;74.9;;;;;
jul_97;137;Captura total 2 trampas;wp 150;-54.8580833;-68.03978333;24;2;1;3;;91.1;;;;;
jul_97;138;Captura total 2 trampas;wp 150;-54.8580833;-68.03978333;24;2;2;4;2;68.7;;;;5;
jul_97;139;Captura total 2 trampas;wp 150;-54.8580833;-68.03978333;24;2;1;3;;98.7;;;;;
jul_97;140;Captura total 2 trampas;wp 150;-54.8580833;-68.03978333;24;2;1;3;;91.1;;;;;
jul_97;141;Captura total 2 trampas;wp 150;-54.8580833;-68.03978333;24;2;1;3;;92.4;;;;;
jul_97;142;Captura total 2 trampas;wp 150;-54.8580833;-68.03978333;24;2;1;4;2;89.5;;;;;
jul_97;143;Captura total 2 trampas;wp 150;-54.8580833;-68.03978333;24;2;1;3;;92;;;;;
jul_97;144;Captura total 2 trampas;wp 150;-54.8580833;-68.03978333;24;2;1;3;;80.1;;;;;
jul_97;145;Captura total 2 trampas;wp 150;-54.8580833;-68.03978333;24;2;1;3;;92;;;;;
jul_97;146;Captura total 2 trampas;wp 150;-54.8580833;-68.03978333;24;2;1;3;;89.8;;;;;
jul_97;147;Captura total 2 trampas;wp 150;-54.8580833;-68.03978333;24;2;1;3;;82.9;;;;;
jul_97;148;Captura total 2 trampas;wp 150;-54.8580833;-68.03978333;24;2;2;3;;73.2;;;;1;
jul_97;149;Captura total 2 trampas;wp 150;-54.8580833;-68.03978333;24;2;1;3;;91.1;;;;;
jul_97;150;Captura total 2 trampas;wp 150;-54.8580833;-68.03978333;24;2;1;3;;91.6;;;;;
jul_97;151;Captura total 2 trampas;wp 150;-54.8580833;-68.03978333;24;2;1;3;;93.3;;;;;
jul_97;152;Captura total 2 trampas;wp 150;-54.8580833;-68.03978333;24;2;1;3;;84.3;;;;;
jul_97;153;Captura total 2 trampas;wp 150;-54.8580833;-68.03978333;24;2;1;3;;94.2;;;;;
jul_97;154;Captura total 2 trampas;wp 150;-54.8580833;-68.03978333;24;2;1;3;;95.1;;;;;
jul_97;155;Captura total 2 trampas;wp 150;-54.8580833;-68.03978333;24;2;1;3;2;90.1;;;;;
jul_97;156;Captura total 2 trampas;wp 150;-54.8580833;-68.03978333;24;2;2;3;;74.7;;;;1;
jul_97;157;Captura total 2 trampas;wp 150;-54.8580833;-68.03978333;24;2;2;4;2;69.5;;;;3;
jul_97;158;Captura total 2 trampas;wp 150;-54.8580833;-68.03978333;24;2;1;3;;81.2;;;;;
jul_97;159;Captura total 2 trampas;wp 150;-54.8580833;-68.03978333;24;2;1;4;2;88.8;;;;;
jul_97;160;Captura total 2 trampas;wp 150;-54.8580833;-68.03978333;24;2;1;3;;96.2;;;;;
jul_97;161;Captura total 2 trampas;wp 150;-54.8580833;-68.03978333;24;2;1;3;;85.7;;;;;
jul_97;162;Captura total 2 trampas;wp 150;-54.8580833;-68.03978333;24;2;1;3;;90.8;;;;;
jul_97;163;Captura total 2 trampas;wp 150;-54.8580833;-68.03978333;24;2;1;3;2;101.5;;;;;
jul_97;164;Captura total 2 trampas;wp 150;-54.8580833;-68.03978333;24;2;1;3;;94.1;;;;;
jul_97;165;Captura total 2 trampas;wp 150;-54.8580833;-68.03978333;24;1;2;3;;75;;;;3;
jul_97;166;Captura total 2 trampas;wp 150;-54.8580833;-68.03978333;24;2;2;3;;73.7;;;;1;
jul_97;167;Captura total 2 trampas;wp 150;-54.8580833;-68.03978333;24;2;2;3;;71.4;;;;1;
jul_97;168;Captura total 2 trampas;wp 150;-54.8580833;-68.03978333;24;2;2;3;;73;;;;1;
jul_97;169;Captura total 2 trampas;wp 150;-54.8580833;-68.03978333;24;2;2;3;;72.5;;;;1;
jul_97;170;Captura total 2 trampas;wp 150;-54.8580833;-68.03978333;24;2;2;4;2;75.5;;;;5;
jul_97;171;Captura total 2 trampas;wp 150;-54.8580833;-68.03978333;24;2;1;3;;86.4;;;;;20
jul_97;172;Captura total 2 trampas;wp 150;-54.8580833;-68.03978333;24;2;1;3;;88.1;;;;;
jul_97;173;Captura total 2 trampas;wp 150;-54.8580833;-68.03978333;24;2;2;3;;68.1;;;;1;
jul_97;174;Captura total 2 trampas;wp 150;-54.8580833;-68.03978333;24;2;2;3;;71.6;;;;1;
jul_97;175;Captura total 2 trampas;wp 150;-54.8580833;-68.03978333;24;2;2;4;2;70.8;;;;3;
jul_97;176;Captura total 2 trampas;wp 150;-54.8580833;-68.03978333;24;2;2;3;;87.4;;;;0;
jul_97;177;Captura total 2 trampas;wp 150;-54.8580833;-68.03978333;24;2;2;3;;66.7;;;;1;
jul_97;178;Captura total 2 trampas;wp 150;-54.8580833;-68.03978333;24;2;2;4;;70.8;;;;3;
jul_97;179;Captura total 2 trampas;wp 150;-54.8580833;-68.03978333;24;2;1;3;;94.6;;;;;
jul_97;180;Captura total 2 trampas;wp 150;-54.8580833;-68.03978333;24;2;1;3;;87.4;;;;;
jul_97;181;Captura total 2 trampas;wp 150;-54.8580833;-68.03978333;24;2;1;4;2;82.7;;;;;
jul_97;182;Captura total 2 trampas;wp 150;-54.8580833;-68.03978333;24;2;1;3;;93.9;;;;;
jul_97;183;Captura total 2 trampas;wp 150;-54.8580833;-68.03978333;24;2;1;3;;84.6;;;;;
jul_97;184;Captura total 2 trampas;wp 150;-54.8580833;-68.03978333;24;2;2;3;;71.5;;;;1;
jul_97;185;Captura total 2 trampas;wp 150;-54.8580833;-68.03978333;24;2;1;4;2;91.1;;;;;
jul_97;186;Captura total 2 trampas;wp 150;-54.8580833;-68.03978333;24;2;2;3;;66.2;;;;1;
jul_97;187;Captura total 2 trampas;wp 150;-54.8580833;-68.03978333;24;2;2;3;;68.5;;;;1;
jul_97;188;Captura total 2 trampas;wp 150;-54.8580833;-68.03978333;24;2;2;4;1.23;69.1;;;;3;
jul_97;189;Captura total 2 trampas;wp 150;-54.8580833;-68.03978333;24;2;2;3;;70.4;;;;1;
jul_97;190;Captura total 2 trampas;wp 150;-54.8580833;-68.03978333;24;2;2;3;;76.4;;;;1;
jul_97;191;Captura total 2 trampas;wp 150;-54.8580833;-68.03978333;24;2;2;3;;68.1;;;;1;
jul_97;192;Captura total 2 trampas;wp 150;-54.8580833;-68.03978333;24;2;1;3;;82.8;;;;;
jul_97;193;Captura total 2 trampas;wp 150;-54.8580833;-68.03978333;24;2;2;3;;71.4;;;;1;
jul_97;194;Captura total 2 trampas;wp 150;-54.8580833;-68.03978333;24;2;2;3;;65.5;;;;1;
jul_97;195;Captura total 2 trampas;wp 150;-54.8580833;-68.03978333;24;2;2;4;2;63.4;;;;3;
jul_97;196;Captura total 2 trampas;wp 150;-54.8580833;-68.03978333;24;2;2;3;;81.1;;;;1;
jul_97;197;Captura total 2 trampas;wp 150;-54.8580833;-68.03978333;24;2;2;3;;66.1;;;;1;
jul_97;198;Captura total 2 trampas;wp 150;-54.8580833;-68.03978333;24;2;2;3;;69.6;;;;1;
jul_97;199;Captura total 2 trampas;wp 150;-54.8580833;-68.03978333;24;2;2;3;;69.4;;;;1;
jul_97;200;Captura total 8 trampas;wp 151;-54.8564333;-68.03508333;23;2;1;3;;78.9;;;;;
jul_97;201;Captura total 8 trampas;wp 151;-54.8564333;-68.03508333;23;2;1;3;;82.7;;;;;
jul_97;202;Captura total 8 trampas;wp 151;-54.8564333;-68.03508333;23;2;1;4;2;89.5;;;;;
jul_97;203;Captura total 8 trampas;wp 151;-54.8564333;-68.03508333;23;2;1;4;2;88.5;;;;;
jul_97;204;Captura total 8 trampas;wp 151;-54.8564333;-68.03508333;23;2;1;3;;82.2;;;;;
jul_97;205;Captura total 8 trampas;wp 151;-54.8564333;-68.03508333;23;2;1;3;;86.1;;;;;
jul_97;206;Captura total 8 trampas;wp 151;-54.8564333;-68.03508333;23;2;1;3;;85.1;;;;;
jul_97;207;Captura total 8 trampas;wp 151;-54.8564333;-68.03508333;23;2;1;3;;82;;;;;
jul_97;208;Captura total 8 trampas;wp 151;-54.8564333;-68.03508333;23;2;1;3;;75.4;;;;;
jul_97;209;Captura total 8 trampas;wp 151;-54.8564333;-68.03508333;23;2;1;4;2;96;;;;;
jul_97;210;Captura total 8 trampas;wp 151;-54.8564333;-68.03508333;23;2;1;4;;83.9;;;;;
jul_97;211;Captura total 8 trampas;wp 151;-54.8564333;-68.03508333;23;2;2;4;2;77.5;;;;0;
jul_97;212;Captura total 8 trampas;wp 151;-54.8564333;-68.03508333;23;2;1;4;2;88.3;;;;;
jul_97;213;Captura total 8 trampas;wp 151;-54.8564333;-68.03508333;23;2;1;3;;92.4;;;;;
jul_97;214;Captura total 8 trampas;wp 151;-54.8564333;-68.03508333;23;2;1;3;;82.8;;;;;
jul_97;215;Captura total 8 trampas;wp 151;-54.8564333;-68.03508333;23;2;2;4;2;77.1;;;;3;
jul_97;216;Captura total 8 trampas;wp 151;-54.8564333;-68.03508333;23;2;2;3;;72.4;;;;1;
jul_97;217;Captura total 8 trampas;wp 151;-54.8564333;-68.03508333;23;2;1;3;;75.2;;;;;
jul_97;218;Captura total 8 trampas;wp 151;-54.8564333;-68.03508333;23;2;1;3;;87.7;;;;;
jul_97;219;Captura total 8 trampas;wp 151;-54.8564333;-68.03508333;23;2;2;3;;62.6;;;;1;
jul_97;220;Captura total 8 trampas;wp 151;-54.8564333;-68.03508333;23;2;1;3;;79.1;;;;;
jul_97;221;Captura total 8 trampas;wp 151;-54.8564333;-68.03508333;23;2;1;3;;77.2;;;;;
jul_97;222;Captura total 8 trampas;wp 151;-54.8564333;-68.03508333;23;2;1;3;;82.9;;;;;
jul_97;223;Captura total 8 trampas;wp 151;-54.8564333;-68.03508333;23;2;1;3;;89.1;;;;;20
jul_97;224;Captura total 8 trampas;wp 151;-54.8564333;-68.03508333;23;2;1;3;;95.1;;;;;
jul_97;225;Captura total 8 trampas;wp 151;-54.8564333;-68.03508333;23;2;1;3;;87.1;;;;;
jul_97;226;Captura total 8 trampas;wp 151;-54.8564333;-68.03508333;23;2;1;3;;77.5;;;;;
jul_97;227;Captura total 8 trampas;wp 151;-54.8564333;-68.03508333;23;2;1;4;2;96.7;;;;;
jul_97;228;Captura total 8 trampas;wp 151;-54.8564333;-68.03508333;23;2;1;3;;94.5;;;;;
jul_97;229;Captura total 8 trampas;wp 151;-54.8564333;-68.03508333;23;2;1;3;;82.1;;;;;
jul_97;230;Captura total 8 trampas;wp 151;-54.8564333;-68.03508333;23;2;1;3;;88.3;;;;;
jul_97;231;Captura total 8 trampas;wp 151;-54.8564333;-68.03508333;23;2;2;4;2;77.1;;;;4;
jul_97;232;Captura total 8 trampas;wp 151;-54.8564333;-68.03508333;23;2;1;3;;83.2;;;;;
jul_97;233;Captura total 8 trampas;wp 151;-54.8564333;-68.03508333;23;2;2;3;;76.2;;;;1;
jul_97;234;Captura total 8 trampas;wp 151;-54.8564333;-68.03508333;23;2;2;3;;74.8;;;;1;
jul_97;235;Captura total 8 trampas;wp 151;-54.8564333;-68.03508333;23;2;1;4;2;79.8;;;;;
jul_97;236;Captura total 8 trampas;wp 151;-54.8564333;-68.03508333;23;2;1;3;;85.5;;;;;
jul_97;237;Captura total 8 trampas;wp 151;-54.8564333;-68.03508333;23;2;1;3;;93.8;;;;;
jul_97;238;Captura total 8 trampas;wp 151;-54.8564333;-68.03508333;23;2;1;3;;81.7;;;;;
jul_97;239;Captura total 8 trampas;wp 151;-54.8564333;-68.03508333;23;2;2;3;;77.8;;;;1;
jul_97;240;Captura total 8 trampas;wp 151;-54.8564333;-68.03508333;23;2;1;4;2;88.7;;;;;
jul_97;241;Captura total 8 trampas;wp 151;-54.8564333;-68.03508333;23;2;2;3;;82.6;;;;1;
jul_97;242;Captura total 8 trampas;wp 151;-54.8564333;-68.03508333;23;2;2;4;2;70.7;;;;0;
jul_97;243;Captura total 8 trampas;wp 151;-54.8564333;-68.03508333;23;2;2;4;2;64.8;;;;5;
jul_97;244;Captura total 8 trampas;wp 151;-54.8564333;-68.03508333;23;2;2;3;;78;;;;0;
jul_97;245;Captura total 8 trampas;wp 151;-54.8564333;-68.03508333;23;2;2;3;;64.4;;;;1;
jul_97;246;Captura total 8 trampas;wp 151;-54.8564333;-68.03508333;23;2;2;3;;76.3;;;;1;
jul_97;247;Captura total 8 trampas;wp 151;-54.8564333;-68.03508333;23;2;1;3;;84.2;;;;;
jul_97;248;Captura total 8 trampas;wp 151;-54.8564333;-68.03508333;23;2;1;4;2;79.6;;;;;
jul_97;249;Captura total 8 trampas;wp 151;-54.8564333;-68.03508333;23;2;1;3;;80;;;;;
jul_97;250;Captura total 8 trampas;wp 151;-54.8564333;-68.03508333;23;2;2;3;;69.9;;;;7;
jul_97;251;Captura total 8 trampas;wp 151;-54.8564333;-68.03508333;23;2;2;3;;72.9;;;;1;
jul_97;252;Captura total 8 trampas;wp 151;-54.8564333;-68.03508333;23;2;1;3;;85.4;;;;;
jul_97;253;Captura total 8 trampas;wp 151;-54.8564333;-68.03508333;23;2;1;4;2;84.2;;;;;
jul_97;254;Captura total 8 trampas;wp 151;-54.8564333;-68.03508333;23;2;1;3;;83;;;;;
jul_97;255;Captura total 8 trampas;wp 151;-54.8564333;-68.03508333;23;2;1;3;;84.3;;;;;
jul_97;256;Captura total 8 trampas;wp 151;-54.8564333;-68.03508333;23;2;1;3;;86.3;;;;;
jul_97;257;Captura total 8 trampas;wp 151;-54.8564333;-68.03508333;23;2;2;4;2;71.2;;;;5;
jul_97;258;Captura total 8 trampas;wp 151;-54.8564333;-68.03508333;23;2;1;3;;84.9;;;;;
jul_97;259;Captura total 8 trampas;wp 151;-54.8564333;-68.03508333;23;2;2;4;;72.1;;;;3;
jul_97;260;Captura total 8 trampas;wp 151;-54.8564333;-68.03508333;23;2;1;3;;80.6;;;;;
jul_97;261;Captura total 8 trampas;wp 151;-54.8564333;-68.03508333;23;2;1;3;;85.4;;;;;
jul_97;262;Captura total 8 trampas;wp 151;-54.8564333;-68.03508333;23;2;2;3;;73.4;;;;0;
jul_97;263;Captura total 8 trampas;wp 151;-54.8564333;-68.03508333;23;2;1;4;2;80;;;;;20
jul_97;264;Captura total 8 trampas;wp 151;-54.8564333;-68.03508333;23;2;1;3;;91.6;;;;;
jul_97;265;Captura total 8 trampas;wp 151;-54.8564333;-68.03508333;23;2;1;3;;93.9;;;;;
jul_97;266;Captura total 8 trampas;wp 151;-54.8564333;-68.03508333;23;2;1;3;2;93.9;;;;;
jul_97;267;Captura total 8 trampas;wp 151;-54.8564333;-68.03508333;23;2;1;4;2;88.2;;;;;
jul_97;268;Captura total 8 trampas;wp 151;-54.8564333;-68.03508333;23;2;2;4;2;72.5;;;;3;
jul_97;269;Captura total 8 trampas;wp 151;-54.8564333;-68.03508333;23;2;1;3;;93.9;;;;;
jul_97;270;Captura total 8 trampas;wp 151;-54.8564333;-68.03508333;23;2;2;4;2;73.7;;;;3;
jul_97;271;Captura total 8 trampas;wp 151;-54.8564333;-68.03508333;23;2;1;3;;82.6;;;;;
jul_97;272;Captura total 8 trampas;wp 151;-54.8564333;-68.03508333;23;2;2;3;;68.8;;;;1;
jul_97;273;Captura total 8 trampas;wp 151;-54.8564333;-68.03508333;23;2;1;3;;91.6;;;;;
jul_97;274;Captura total 8 trampas;wp 151;-54.8564333;-68.03508333;23;2;1;3;;74.4;;;;;20
jul_97;275;Captura total 8 trampas;wp 151;-54.8564333;-68.03508333;23;2;2;3;;72.3;;;;7;
jul_97;276;Captura total 8 trampas;wp 151;-54.8564333;-68.03508333;23;2;2;3;;64.2;;;;1;
jul_97;277;Captura total 8 trampas;wp 151;-54.8564333;-68.03508333;23;2;1;3;;66.1;;;;;
jul_97;278;Captura total 8 trampas;wp 151;-54.8564333;-68.03508333;23;2;1;3;;70.5;;;;;
jul_97;279;Captura total 8 trampas;wp 151;-54.8564333;-68.03508333;23;2;1;3;;79.6;;;;;
jul_97;280;Captura total 8 trampas;wp 151;-54.8564333;-68.03508333;23;2;2;3;;73.4;;;;7;
jul_97;281;Captura total 8 trampas;wp 151;-54.8564333;-68.03508333;23;2;2;3;;73.3;;;;1;
jul_97;282;Captura total 8 trampas;wp 151;-54.8564333;-68.03508333;23;2;1;3;;;;;;;
jul_97;283;Captura total 8 trampas;wp 151;-54.8564333;-68.03508333;23;2;2;3;;70;;;;1;
jul_97;284;Captura total 8 trampas;wp 151;-54.8564333;-68.03508333;23;2;1;4;2;95.4;;;;;
jul_97;285;Captura total 8 trampas;wp 151;-54.8564333;-68.03508333;23;2;1;4;;92.9;;;;;
jul_97;286;Captura total 8 trampas;wp 151;-54.8564333;-68.03508333;23;2;1;3;;73.7;;;;;
jul_97;287;Captura total 8 trampas;wp 151;-54.8564333;-68.03508333;23;2;2;3;;72.2;;;;1;
jul_97;288;Captura total 8 trampas;wp 151;-54.8564333;-68.03508333;23;2;2;4;2;67.4;;;;7;
jul_97;289;Captura total 8 trampas;wp 151;-54.8564333;-68.03508333;23;2;1;4;2;77.8;;;;;
jul_97;290;Captura total 8 trampas;wp 151;-54.8564333;-68.03508333;23;2;1;4;2;95.3;;;;;
jul_97;291;Captura total 8 trampas;wp 151;-54.8564333;-68.03508333;23;2;2;3;;78.5;;;;1;
jul_97;292;Captura total 8 trampas;wp 151;-54.8564333;-68.03508333;23;2;2;3;;73.9;;;;3;
jul_97;293;Captura total 8 trampas;wp 151;-54.8564333;-68.03508333;23;2;2;3;;79.6;;;;1;
jul_97;294;Captura total 8 trampas;wp 151;-54.8564333;-68.03508333;23;2;1;3;;84;;;;;
jul_97;295;Captura total 8 trampas;wp 151;-54.8564333;-68.03508333;23;2;1;3;;82.8;;;;;
jul_97;296;Captura total 8 trampas;wp 151;-54.8564333;-68.03508333;23;2;1;3;;84.9;;;;;
jul_97;297;Captura total 8 trampas;wp 151;-54.8564333;-68.03508333;23;2;1;3;;79.7;;;;;
jul_97;298;Captura total 8 trampas;wp 151;-54.8564333;-68.03508333;23;2;1;4;2;86.7;;;;;
jul_97;299;Captura total 8 trampas;wp 151;-54.8564333;-68.03508333;23;2;1;3;;88.2;;;;;
jul_97;300;Captura total 8 trampas;wp 151;-54.8564333;-68.03508333;23;2;1;3;;91.2;;;;;
jul_97;301;Captura total 8 trampas;wp 151;-54.8564333;-68.03508333;23;2;1;3;;96.1;;;;;
jul_97;302;Captura total 8 trampas;wp 151;-54.8564333;-68.03508333;23;2;2;3;;83.2;;;;7;
jul_97;303;Captura total 8 trampas;wp 151;-54.8564333;-68.03508333;23;2;1;3;;93;;;;;
jul_97;304;Captura total 8 trampas;wp 151;-54.8564333;-68.03508333;23;2;2;4;;83;;;;3;
jul_97;305;Captura total 8 trampas;wp 151;-54.8564333;-68.03508333;23;2;2;3;;72.4;;;;1;
jul_97;306;Captura total 8 trampas;wp 151;-54.8564333;-68.03508333;23;2;1;3;;87.6;;;;;
jul_97;307;Captura total 8 trampas;wp 151;-54.8564333;-68.03508333;23;2;1;4;2;80.2;;;;;
jul_97;308;Captura total 8 trampas;wp 151;-54.8564333;-68.03508333;23;2;2;3;;79;;;;1;
jul_97;309;Captura total 8 trampas;wp 151;-54.8564333;-68.03508333;23;2;1;4;2;92.3;;;;;
jul_97;310;Captura total 8 trampas;wp 151;-54.8564333;-68.03508333;23;2;2;3;;68.4;;;;1;
jul_97;311;Captura total 8 trampas;wp 151;-54.8564333;-68.03508333;23;2;2;4;;72.4;;;;5;
jul_97;312;Captura total 8 trampas;wp 151;-54.8564333;-68.03508333;23;2;2;3;;72;;;;1;
jul_97;313;Captura total 8 trampas;wp 151;-54.8564333;-68.03508333;23;2;1;3;;74.3;;;;;
jul_97;314;Captura total 8 trampas;wp 151;-54.8564333;-68.03508333;23;2;2;3;;70.2;;;;1;
jul_97;315;Captura total 8 trampas;wp 151;-54.8564333;-68.03508333;23;2;2;3;;66.4;;;;1;
jul_97;316;Captura total 8 trampas;wp 151;-54.8564333;-68.03508333;23;2;2;4;2;69.1;;;;3;
jul_97;317;Captura total 8 trampas;wp 151;-54.8564333;-68.03508333;23;2;2;3;;71.2;;;;1;
jul_97;318;Captura total 8 trampas;wp 151;-54.8564333;-68.03508333;23;2;2;3;;67.5;;;;1;
jul_97;319;Captura total 10 trampas;wp 152;-54.8582333;-67.92073333;18;2;1;3;;99.5;;;;;
jul_97;320;Captura total 10 trampas;wp 152;-54.8582333;-67.92073333;18;2;1;3;;85.5;;;;;
jul_97;321;Captura total 10 trampas;wp 152;-54.8582333;-67.92073333;18;2;1;3;;98.9;;;;;
jul_97;322;Captura total 10 trampas;wp 152;-54.8582333;-67.92073333;18;2;1;3;;89.2;;;;;
jul_97;323;Captura total 10 trampas;wp 152;-54.8582333;-67.92073333;18;2;1;3;;96.1;;;;;
jul_97;324;Captura total 10 trampas;wp 152;-54.8582333;-67.92073333;18;2;1;3;;102.6;;;;;
jul_97;325;Captura total 10 trampas;wp 152;-54.8582333;-67.92073333;18;2;1;4;2;92.4;;;;;20
jul_97;326;Captura total 10 trampas;wp 152;-54.8582333;-67.92073333;18;2;2;4;2;85.8;;;;3;
jul_97;327;Captura total 10 trampas;wp 152;-54.8582333;-67.92073333;18;2;1;3;1;94.2;;;;;
jul_97;328;Captura total 10 trampas;wp 152;-54.8582333;-67.92073333;18;2;2;3;;73.4;;;;1;
jul_97;329;Captura total 10 trampas;wp 152;-54.8582333;-67.92073333;18;2;1;4;2;79.7;;;;;
jul_97;330;Captura total 10 trampas;wp 152;-54.8582333;-67.92073333;18;2;1;4;2;85.1;;;;;
jul_97;331;Captura total 10 trampas;wp 152;-54.8582333;-67.92073333;18;2;1;4;2;84.4;;;;;
jul_97;332;Captura total 10 trampas;wp 152;-54.8582333;-67.92073333;18;2;1;3;;89;;;;;
jul_97;333;Captura total 10 trampas;wp 152;-54.8582333;-67.92073333;18;2;1;3;;73.5;;;;;
jul_97;334;Captura total 10 trampas;wp 152;-54.8582333;-67.92073333;18;2;1;3;;67.7;;;;;
jul_97;335;Captura total 10 trampas;wp 152;-54.8582333;-67.92073333;18;2;1;3;;76.6;;;;;
jul_97;336;Captura total 10 trampas;wp 152;-54.8582333;-67.92073333;18;2;2;3;;78.7;;;;1;
jul_97;337;Captura total 10 trampas;wp 152;-54.8582333;-67.92073333;18;2;2;3;;71.6;;;;1;
jul_97;338;Captura total 10 trampas;wp 152;-54.8582333;-67.92073333;18;2;1;3;2;93.3;;;;;
jul_97;339;Captura total 10 trampas;wp 152;-54.8582333;-67.92073333;18;2;1;3;;102.7;;;;;
jul_97;340;Captura total 10 trampas;wp 152;-54.8582333;-67.92073333;18;2;1;4;2;87.7;;;;;
jul_97;341;Captura total 10 trampas;wp 152;-54.8582333;-67.92073333;18;2;1;3;;89.8;;;;;
jul_97;342;Captura total 10 trampas;wp 152;-54.8582333;-67.92073333;18;2;1;3;;79.1;;;;;
jul_97;343;Captura total 10 trampas;wp 152;-54.8582333;-67.92073333;18;2;2;3;;78.3;;;;7;
jul_97;344;Captura total 10 trampas;wp 152;-54.8582333;-67.92073333;18;2;1;4;2;74.2;;;;;
jul_97;345;Captura total 10 trampas;wp 152;-54.8582333;-67.92073333;18;2;1;3;;76.2;;;;;
jul_97;346;Captura total 10 trampas;wp 152;-54.8582333;-67.92073333;18;2;1;3;;79.4;;;;;
jul_97;347;Captura total 10 trampas;wp 152;-54.8582333;-67.92073333;18;2;1;3;2;91.7;;;;;
jul_97;348;Captura total 10 trampas;wp 152;-54.8582333;-67.92073333;18;2;1;4;2;101.9;;;;;
jul_97;349;Captura total 10 trampas;wp 152;-54.8582333;-67.92073333;18;2;1;3;;82.8;;;;;
jul_97;350;Captura total 10 trampas;wp 152;-54.8582333;-67.92073333;18;2;1;3;;102.6;;;;;
jul_97;351;Captura total 10 trampas;wp 152;-54.8582333;-67.92073333;18;2;1;3;;73.7;;;;;
jul_97;352;Captura total 10 trampas;wp 152;-54.8582333;-67.92073333;18;2;1;3;;74.4;;;;;
jul_97;353;Captura total 10 trampas;wp 152;-54.8582333;-67.92073333;18;2;1;4;;90;;;;;
jul_97;354;Captura total 10 trampas;wp 152;-54.8582333;-67.92073333;18;2;2;4;2;78.6;;;;3;
jul_97;355;Captura total 10 trampas;wp 152;-54.8582333;-67.92073333;18;2;2;4;2;74.9;;;;3;
jul_97;356;Captura total 10 trampas;wp 152;-54.8582333;-67.92073333;18;2;1;3;;84.2;;;;;
jul_97;357;Captura total 10 trampas;wp 152;-54.8582333;-67.92073333;18;2;1;3;;95.4;;;;;
jul_97;358;Captura total 10 trampas;wp 152;-54.8582333;-67.92073333;18;2;2;3;1;78.8;;;;2;
jul_97;359;Captura total 10 trampas;wp 152;-54.8582333;-67.92073333;18;2;1;3;;73.9;;;;;
jul_97;360;Captura total 10 trampas;wp 152;-54.8582333;-67.92073333;18;2;1;4;2;92.7;;;;;
jul_97;361;Captura total 10 trampas;wp 152;-54.8582333;-67.92073333;18;2;1;4;;81.4;;;;;
jul_97;362;Captura total 10 trampas;wp 152;-54.8582333;-67.92073333;18;2;1;4;;74.3;;;;;
jul_97;363;Captura total 10 trampas;wp 152;-54.8582333;-67.92073333;18;2;1;3;;103.2;;;;;
jul_97;364;Captura total 10 trampas;wp 152;-54.8582333;-67.92073333;18;2;1;3;;68.9;;;;;
jul_97;365;Captura total 10 trampas;wp 152;-54.8582333;-67.92073333;18;2;2;4;2;69.3;;;;3;
jul_97;366;Captura total 10 trampas;wp 152;-54.8582333;-67.92073333;18;2;1;3;2;84.2;;;;;
jul_97;367;Captura total 10 trampas;wp 152;-54.8582333;-67.92073333;18;2;2;3;;69;;;;0;
jul_97;368;Captura total 10 trampas;wp 152;-54.8582333;-67.92073333;18;2;1;3;;76.3;;;;;
jul_97;369;Captura total 10 trampas;wp 152;-54.8582333;-67.92073333;18;2;2;3;;73.8;;;;0;
jul_97;370;Captura total 10 trampas;wp 152;-54.8582333;-67.92073333;18;2;1;3;;87.2;;;;;
jul_97;371;Captura total 10 trampas;wp 152;-54.8582333;-67.92073333;18;2;1;3;;76.6;;;;;
jul_97;372;Captura total 10 trampas;wp 152;-54.8582333;-67.92073333;18;2;1;3;;63.9;;;;;
jul_97;373;Captura total 10 trampas;wp 152;-54.8582333;-67.92073333;18;2;2;4;2;79.6;;;;3;
jul_97;374;Captura total 10 trampas;wp 152;-54.8582333;-67.92073333;18;2;2;4;2;76.1;;;;3;
jul_97;375;Captura total 10 trampas;wp 152;-54.8582333;-67.92073333;18;2;2;4;;71.6;;;;5;
jul_97;376;Captura total 10 trampas;wp 152;-54.8582333;-67.92073333;18;2;2;3;;78.8;;;;1;
jul_97;377;Captura total 10 trampas;wp 152;-54.8582333;-67.92073333;18;2;2;4;2;69.6;;;;5;
jul_97;378;Captura total 10 trampas;wp 152;-54.8582333;-67.92073333;18;2;2;4;;57;;;;0;
jul_97;379;Captura total 10 trampas;wp 152;-54.8582333;-67.92073333;18;2;2;3;;72;;;;1;
jul_97;380;Captura total 10 trampas;wp 152;-54.8582333;-67.92073333;18;2;1;4;;74.1;;;;;
jul_97;381;Captura total 10 trampas;wp 152;-54.8582333;-67.92073333;18;2;1;3;;81.2;;;;;
jul_97;382;Captura total 10 trampas;wp 152;-54.8582333;-67.92073333;18;2;1;3;;75.4;;;;;
jul_97;383;Captura total 10 trampas;wp 152;-54.8582333;-67.92073333;18;2;1;4;2;73.4;;;;;
jul_97;384;Captura total 10 trampas;wp 152;-54.8582333;-67.92073333;18;2;2;3;;63.9;;;;0;
jul_97;385;Captura total 10 trampas;wp 152;-54.8582333;-67.92073333;18;2;1;3;;65.9;;;;;
jul_97;386;Captura total 10 trampas;wp 152;-54.8582333;-67.92073333;18;2;2;4;2;72.6;;;;5;
jul_97;387;Captura total 10 trampas;wp 152;-54.8582333;-67.92073333;18;2;2;3;;72.5;;;;3;
jul_97;388;Captura total de 0.75 trampas;wp 154;-54.8649833;-67.87728333;21;2;2;3;;87;;;;3;
jul_97;389;Captura total de 0.75 trampas;wp 154;-54.8649833;-67.87728333;21;2;2;4;2;72;;;;3;
jul_97;390;Captura total de 0.75 trampas;wp 154;-54.8649833;-67.87728333;21;2;2;4;;74.2;;;;5;
jul_97;391;Captura total de 0.75 trampas;wp 154;-54.8649833;-67.87728333;21;2;2;4;2;77.7;;;;0;
jul_97;392;Captura total de 0.75 trampas;wp 154;-54.8649833;-67.87728333;21;2;2;4;;70.4;;;;0;
jul_97;393;Captura total de 0.75 trampas;wp 154;-54.8649833;-67.87728333;21;2;2;4;2;78;;;;3;
jul_97;394;Captura total de 0.75 trampas;wp 154;-54.8649833;-67.87728333;21;2;2;4;2;75.2;;;;3;
jul_97;395;Captura total de 0.75 trampas;wp 154;-54.8649833;-67.87728333;21;2;2;4;2;80.3;;;;3;
jul_97;396;Captura total de 0.75 trampas;wp 154;-54.8649833;-67.87728333;21;2;2;4;2;67.6;;;;3;
jul_97;397;Captura total de 0.75 trampas;wp 154;-54.8649833;-67.87728333;21;2;2;4;;70.6;;;;3;
jul_97;398;Captura total de 0.75 trampas;wp 154;-54.8649833;-67.87728333;21;2;1;3;;81.8;;;;;
jul_97;399;Captura total de 0.75 trampas;wp 154;-54.8649833;-67.87728333;21;2;2;3;;72.6;;;;3;
jul_97;400;Captura total de 0.75 trampas;wp 154;-54.8649833;-67.87728333;21;2;2;4;2.3;78.1;;;;3;
jul_97;401;Captura total de 0.75 trampas;wp 154;-54.8649833;-67.87728333;21;2;2;3;;76.1;;;;3;
jul_97;402;Captura total de 0.75 trampas;wp 154;-54.8649833;-67.87728333;21;2;2;4;2;75.8;;;;3;
jul_97;403;Captura total de 0.75 trampas;wp 154;-54.8649833;-67.87728333;21;2;2;4;2;72.3;;;;3;
jul_97;404;Captura total de 0.75 trampas;wp 154;-54.8649833;-67.87728333;21;2;2;4;;67.5;;;;3;
jul_97;405;Captura total de 0.75 trampas;wp 154;-54.8649833;-67.87728333;21;2;1;3;2;91;;;;;
jul_97;406;Captura total de 0.75 trampas;wp 154;-54.8649833;-67.87728333;21;2;2;3;;71;;;;3;
jul_97;407;Captura total de 0.75 trampas;wp 154;-54.8649833;-67.87728333;21;2;2;4;2;68.8;;;;5;
jul_97;408;Captura total de 0.75 trampas;wp 154;-54.8649833;-67.87728333;21;2;2;4;;72.3;;;;3;
jul_97;409;Captura total de 0.75 trampas;wp 154;-54.8649833;-67.87728333;21;2;2;3;;83;;;;3;
jul_97;410;Captura total de 0.75 trampas;wp 154;-54.8649833;-67.87728333;21;2;2;3;;68.9;;;;3;
jul_97;411;Captura total de 0.75 trampas;wp 154;-54.8649833;-67.87728333;21;2;1;3;;82.9;;;;;
jul_97;412;Captura total de 0.75 trampas;wp 154;-54.8649833;-67.87728333;21;2;2;3;;75.6;;;;3;
jul_97;413;Captura total de 0.75 trampas;wp 154;-54.8649833;-67.87728333;21;2;2;3;;64.3;;;;3;
jul_97;414;Captura total de 0.75 trampas;wp 154;-54.8649833;-67.87728333;21;2;2;4;2;78;;;;3;
jul_97;415;Captura total de 0.75 trampas;wp 154;-54.8649833;-67.87728333;21;2;2;3;;72.1;;;;3;
jul_97;416;Captura total de 0.75 trampas;wp 154;-54.8649833;-67.87728333;21;2;2;4;2;71.7;;;;3;
jul_97;417;Captura total de 0.75 trampas;wp 154;-54.8649833;-67.87728333;21;2;2;3;;73.2;;;;3;
jul_97;418;Captura total de 0.75 trampas;wp 154;-54.8649833;-67.87728333;21;2;2;3;2;76.4;;;;3;
jul_97;419;Captura total de 0.75 trampas;wp 154;-54.8649833;-67.87728333;21;2;2;3;;77.9;;;;3;
jul_97;420;Captura total de 0.75 trampas;wp 154;-54.8649833;-67.87728333;21;2;1;3;;84.1;;;;;
jul_97;421;Captura total de 0.75 trampas;wp 154;-54.8649833;-67.87728333;21;2;2;3;;80;;;;3;
jul_97;422;Captura total de 0.75 trampas;wp 154;-54.8649833;-67.87728333;21;2;2;3;;70.6;;;;3;
jul_97;423;Captura total de 0.75 trampas;wp 154;-54.8649833;-67.87728333;21;2;2;3;;75.9;;;;3;
jul_97;424;Captura total de 0.75 trampas;wp 154;-54.8649833;-67.87728333;21;2;2;3;;81.1;;;;3;
jul_97;425;Captura total de 0.75 trampas;wp 154;-54.8649833;-67.87728333;21;2;2;4;;70.7;;;;3;
jul_97;426;Captura total de 0.75 trampas;wp 154;-54.8649833;-67.87728333;21;2;2;4;2;76;;;;3;
jul_97;427;Captura total de 0.75 trampas;wp 154;-54.8649833;-67.87728333;21;2;1;3;;72.3;;;;;
jul_97;428;Captura total de 0.75 trampas;wp 154;-54.8649833;-67.87728333;21;2;2;3;;76.3;;;;3;
jul_97;429;Captura total de 0.75 trampas;wp 154;-54.8649833;-67.87728333;21;2;2;3;;75.4;;;;3;
jul_97;430;Captura total de 0.75 trampas;wp 154;-54.8649833;-67.87728333;21;2;2;3;;73.5;;;;3;
jul_97;431;Captura total de 0.75 trampas;wp 154;-54.8649833;-67.87728333;21;2;2;3;;72.5;;;;3;
jul_97;432;Captura total de 0.75 trampas;wp 154;-54.8649833;-67.87728333;21;2;2;3;;71.1;;;;1;
jul_97;433;Captura total de 0.75 trampas;wp 154;-54.8649833;-67.87728333;21;2;2;3;;76.4;;;;3;
jul_97;434;Captura total de 0.75 trampas;wp 154;-54.8649833;-67.87728333;21;2;1;3;2;93.5;;;;;
jul_97;435;Captura total de 0.75 trampas;wp 154;-54.8649833;-67.87728333;21;2;2;3;;72.9;;;;3;
jul_97;436;Captura total de 0.75 trampas;wp 154;-54.8649833;-67.87728333;21;2;1;4;2;97.2;;;;;
jul_97;437;Captura total de 0.75 trampas;wp 154;-54.8649833;-67.87728333;21;2;1;4;2;94.4;;;;;
jul_97;438;Captura total de 0.75 trampas;wp 154;-54.8649833;-67.87728333;21;2;2;4;2;77.5;;;;0;
jul_97;439;Captura total de 0.75 trampas;wp 154;-54.8649833;-67.87728333;21;2;2;4;;76.8;;;;3;
jul_97;440;Captura total de 0.75 trampas;wp 154;-54.8649833;-67.87728333;21;2;2;3;2;73.7;;;;3;
jul_97;441;Captura total de 0.75 trampas;wp 154;-54.8649833;-67.87728333;21;2;2;4;3;76.7;;;;3;
jul_97;442;Captura total de 0.75 trampas;wp 154;-54.8649833;-67.87728333;21;2;2;3;;77.1;;;;3;
jul_97;443;Captura total de 0.75 trampas;wp 154;-54.8649833;-67.87728333;21;2;1;3;;71.9;;;;;
jul_97;444;Captura total de 0.75 trampas;wp 154;-54.8649833;-67.87728333;21;2;2;3;;71;;;;7;
jul_97;445;Captura total de 0.75 trampas;wp 154;-54.8649833;-67.87728333;21;2;2;3;;65.4;;;;3;
jul_97;446;Captura total de 0.75 trampas;wp 154;-54.8649833;-67.87728333;21;2;2;4;2;64;;;;3;
jul_97;447;Captura total de 0.75 trampas;wp 154;-54.8649833;-67.87728333;21;2;2;4;2;67.9;;;;3;20
jul_97;448;Captura total de 0.75 trampas;wp 154;-54.8649833;-67.87728333;21;2;1;3;;89.2;;;;;
jul_97;449;Captura total de 0.75 trampas;wp 154;-54.8649833;-67.87728333;21;2;1;4;2;89.2;;;;;
jul_97;450;Captura total de 0.75 trampas;wp 154;-54.8649833;-67.87728333;21;2;1;4;2;96.5;;;;;
jul_97;451;Captura total de 0.75 trampas;wp 154;-54.8649833;-67.87728333;21;2;1;4;2;84.3;;;;;
jul_97;452;Captura total de 0.75 trampas;wp 154;-54.8649833;-67.87728333;21;2;1;4;2;80.7;;;;;
jul_97;453;Captura total de 0.75 trampas;wp 154;-54.8649833;-67.87728333;21;2;2;4;;71;;;;7;
jul_97;454;Captura total de 0.75 trampas;wp 154;-54.8649833;-67.87728333;21;2;2;4;2.3;66;;;;3;
jul_97;455;Captura total de 0.75 trampas;wp 154;-54.8649833;-67.87728333;21;2;2;4;2;67.7;;;;;
jul_97;456;Captura total de 0.75 trampas;wp 154;-54.8649833;-67.87728333;21;2;2;3;2;69;;;;3;
jul_97;457;Captura total de 0.75 trampas;wp 154;-54.8649833;-67.87728333;21;2;1;3;;87.6;;;;;
jul_97;458;Captura total de 0.75 trampas;wp 154;-54.8649833;-67.87728333;21;2;2;3;;76.3;;;;3;
jul_97;459;Captura total de 0.75 trampas;wp 154;-54.8649833;-67.87728333;21;2;1;4;2;79.8;;;;;
jul_97;460;Captura total de 0.75 trampas;wp 154;-54.8649833;-67.87728333;21;2;2;4;;72.9;;;;3;
jul_97;461;Captura total de 0.75 trampas;wp 154;-54.8649833;-67.87728333;21;2;2;4;2;73.5;;;;3;
jul_97;462;Captura total de 0.75 trampas;wp 154;-54.8649833;-67.87728333;21;2;2;4;2;66.3;;;;3;
jul_97;463;Captura total de 0.75 trampas;wp 154;-54.8649833;-67.87728333;21;2;2;4;2;67.6;;;;3;
jul_97;464;Captura total de 0.75 trampas;wp 154;-54.8649833;-67.87728333;21;2;2;4;2;73.2;;;;3;
jul_97;465;Captura total de 0.75 trampas;wp 154;-54.8649833;-67.87728333;21;2;2;4;;72;;;;3;
jul_97;466;Captura total de 0.75 trampas;wp 154;-54.8649833;-67.87728333;21;2;2;4;2;70.7;;;;3;
jul_97;467;Captura total de 0.75 trampas;wp 154;-54.8649833;-67.87728333;21;2;2;3;;71;;;;3;
jul_97;468;Captura total de 0.75 trampas;wp 154;-54.8649833;-67.87728333;21;2;2;3;;73.8;;;;3;
jul_97;469;Captura total de 0.75 trampas;wp 154;-54.8649833;-67.87728333;21;2;2;2;;76.5;;;;3;
jul_97;470;Captura total de 0.75 trampas;wp 154;-54.8649833;-67.87728333;21;2;2;3;2;68.2;;;;3;
jul_97;471;Captura total de 0.75 trampas;wp 154;-54.8649833;-67.87728333;21;2;2;4;;70.8;;;;3;
jul_97;472;Captura total de 0.75 trampas;wp 154;-54.8649833;-67.87728333;21;2;2;4;2;76.5;;;;3;
jul_97;473;Captura total de 0.75 trampas;wp 154;-54.8649833;-67.87728333;21;2;2;3;;70.5;;;;3;
jul_97;474;Captura total de 0.75 trampas;wp 154;-54.8649833;-67.87728333;21;2;2;3;;74.1;;;;3;
jul_97;475;Captura total de 0.75 trampas;wp 154;-54.8649833;-67.87728333;21;2;2;4;;63.3;;;;3;
jul_97;476;Captura total de 0.75 trampas;wp 154;-54.8649833;-67.87728333;21;2;1;4;2;84.7;;;;;
jul_97;477;Captura total de 0.75 trampas;wp 154;-54.8649833;-67.87728333;21;2;2;4;2;68.7;;;;3;
jul_97;478;Captura total de 0.75 trampas;wp 154;-54.8649833;-67.87728333;21;2;2;4;2;69;;;;3;
jul_97;479;Captura total de 0.75 trampas;wp 154;-54.8649833;-67.87728333;21;2;2;4;2;76.3;;;;3;
jul_97;480;Captura total de 0.75 trampas;wp 154;-54.8649833;-67.87728333;21;2;2;3;;73;;;;3;
jul_97;481;Captura total de 0.75 trampas;wp 154;-54.8649833;-67.87728333;21;2;1;3;2;83;;;;;
jul_97;482;Captura total de 0.75 trampas;wp 154;-54.8649833;-67.87728333;21;2;2;4;2;68.4;;;;3;
jul_97;483;Captura total de 0.75 trampas;wp 154;-54.8649833;-67.87728333;21;2;2;4;2;76;;;;3;
jul_97;484;Captura total de 0.75 trampas;wp 154;-54.8649833;-67.87728333;21;2;2;4;2;71.3;;;;3;
jul_97;485;Captura total de 0.75 trampas;wp 154;-54.8649833;-67.87728333;21;2;2;4;2;81.3;;;;0;
jul_97;486;Captura total de 0.75 trampas;wp 154;-54.8649833;-67.87728333;21;2;1;3;;75;;;;;
jul_97;487;Captura total de 0.75 trampas;wp 154;-54.8649833;-67.87728333;21;2;2;3;2;67.5;;;;3;
jul_97;488;Captura total de 0.75 trampas;wp 154;-54.8649833;-67.87728333;21;2;2;3;;72.6;;;;1;
jul_97;489;Captura total de 0.75 trampas;wp 154;-54.8649833;-67.87728333;21;2;2;4;;66;;;;3;
jul_97;490;Captura total de 0.75 trampas;wp 154;-54.8649833;-67.87728333;21;2;2;4;2;66.5;;;;3;
jul_97;491;Captura total de 0.75 trampas;wp 154;-54.8649833;-67.87728333;21;2;2;4;;72.2;;;;3;
jul_97;492;Captura total de 0.75 trampas;wp 154;-54.8649833;-67.87728333;21;2;2;4;2;68.7;;;;3;
jul_97;493;Captura total de 0.75 trampas;wp 154;-54.8649833;-67.87728333;21;2;2;4;2;70;;;;3;
jul_97;494;Captura total de 0.75 trampas;wp 154;-54.8649833;-67.87728333;21;2;1;3;;82.9;;;;;
jul_97;495;Captura total de 0.75 trampas;wp 154;-54.8649833;-67.87728333;21;2;2;4;2;65.9;;;;3;
jul_97;496;Captura total de 0.75 trampas;wp 154;-54.8649833;-67.87728333;21;2;2;4;2;70.4;;;;3;
jul_97;497;Captura total de 0.75 trampas;wp 154;-54.8649833;-67.87728333;21;2;2;4;2;78.8;;;;3;
jul_97;498;Captura total de 0.75 trampas;wp 154;-54.8649833;-67.87728333;21;2;2;2;;75.6;;;;3;
jul_97;499;Captura total de 0.75 trampas;wp 154;-54.8649833;-67.87728333;21;2;1;3;;87.6;;;;;
jul_97;500;Captura total de 0.75 trampas;wp 154;-54.8649833;-67.87728333;21;2;1;3;1.2;98;;;;;
jul_97;501;Captura total de 0.75 trampas;wp 154;-54.8649833;-67.87728333;21;2;2;3;;69.4;;;;3;
jul_97;502;Captura total de 0.75 trampas;wp 154;-54.8649833;-67.87728333;21;2;2;3;;72.7;;;;3;
jul_97;503;Captura total de 0.75 trampas;wp 154;-54.8649833;-67.87728333;21;2;2;3;;76.9;;;;3;
jul_97;504;Captura total de 0.75 trampas;wp 154;-54.8649833;-67.87728333;21;2;1;4;2;94.8;;;;;
jul_97;505;Captura total de 0.75 trampas;wp 154;-54.8649833;-67.87728333;21;2;2;3;;79.4;;;;1;
jul_97;506;Captura total de 0.75 trampas;wp 154;-54.8649833;-67.87728333;21;2;1;4;2;83.3;;;;;
jul_97;507;Captura total de 0.75 trampas;wp 154;-54.8649833;-67.87728333;21;2;1;4;2;82.4;;;;;
jul_97;508;Captura total de 0.75 trampas;wp 154;-54.8649833;-67.87728333;21;2;2;4;;76.2;;;;3;
jul_97;509;Captura total de 0.75 trampas;wp 154;-54.8649833;-67.87728333;21;2;2;4;2;62.5;;;;3;
jul_97;510;Captura total de 0.75 trampas;wp 154;-54.8649833;-67.87728333;21;2;2;4;2;67.2;;;;3;
jul_97;511;Captura total de 0.75 trampas;wp 154;-54.8649833;-67.87728333;21;2;2;4;;76.6;;;;3;
jul_97;512;Captura total de 0.75 trampas;wp 154;-54.8649833;-67.87728333;21;2;2;4;2;69.4;;;;3;
jul_97;513;Captura total de 0.75 trampas;wp 154;-54.8649833;-67.87728333;21;2;2;4;2;71.5;;;;3;
jul_97;514;Captura total de 0.75 trampas;wp 154;-54.8649833;-67.87728333;21;2;2;3;;76.8;;;;3;
jul_97;515;Captura total de 0.75 trampas;wp 154;-54.8649833;-67.87728333;21;2;2;4;;77.1;;;;3;
jul_97;516;Captura total de 0.75 trampas;wp 154;-54.8649833;-67.87728333;21;2;2;3;;80.6;;;;3;
jul_97;517;Captura total de 0.75 trampas;wp 154;-54.8649833;-67.87728333;21;2;2;4;2;73.9;;;;3;
jul_97;518;Captura total de 0.75 trampas;wp 154;-54.8649833;-67.87728333;21;2;2;4;2;63.4;;;;5;
jul_97;519;Captura total de 0.75 trampas;wp 154;-54.8649833;-67.87728333;21;2;2;4;2;69.7;;;;5;
jul_97;520;Captura total de 0.75 trampas;wp 154;-54.8649833;-67.87728333;21;2;2;4;;75.8;;;;3;
jul_97;521;Captura total de 0.75 trampas;wp 154;-54.8649833;-67.87728333;21;2;2;4;;70.4;;;;3;
jul_97;522;Captura total de 0.75 trampas;wp 154;-54.8649833;-67.87728333;21;2;2;3;;71.5;;;;3;
jul_97;523;Captura total de 0.75 trampas;wp 154;-54.8649833;-67.87728333;21;2;2;4;2;68.7;;;;3;
jul_97;524;Captura total de 0.75 trampas;wp 154;-54.8649833;-67.87728333;21;2;2;3;;73.3;;;;3;
jul_97;525;Captura total de 0.75 trampas;wp 154;-54.8649833;-67.87728333;21;2;2;4;;68.2;;;;3;
jul_97;526;Captura total de 0.75 trampas;wp 154;-54.8649833;-67.87728333;21;2;2;4;;78.2;;;;3;
jul_97;527;Captura total de 0.75 trampas;wp 154;-54.8649833;-67.87728333;21;2;2;4;2;63.6;;;;3;
jul_97;528;Captura total de 0.75 trampas;wp 154;-54.8649833;-67.87728333;21;2;2;4;2;73.7;;;;3;
jul_97;529;Captura total de 0.75 trampas;wp 154;-54.8649833;-67.87728333;21;2;2;4;2;66.6;;;;5;
jul_97;530;Captura total de 0.75 trampas;wp 154;-54.8649833;-67.87728333;21;2;2;3;;71.5;;;;3;
jul_97;531;Captura total de 0.75 trampas;wp 154;-54.8649833;-67.87728333;21;2;2;4;2;71.8;;;;3;
jul_97;532;Captura total de 0.75 trampas;wp 154;-54.8649833;-67.87728333;21;2;2;3;;77.5;;;;3;
jul_97;533;Captura total de 0.75 trampas;wp 154;-54.8649833;-67.87728333;21;2;1;3;2;95.7;;;;;
jul_97;534;Captura total de 0.75 trampas;wp 154;-54.8649833;-67.87728333;21;2;2;4;2;66;;;;3;
jul_97;535;Captura total de 0.75 trampas;wp 154;-54.8649833;-67.87728333;21;2;1;4;2;85.3;;;;;
jul_97;536;Captura total de 0.75 trampas;wp 154;-54.8649833;-67.87728333;21;2;2;4;;80.5;;;;3;
jul_97;537;Captura total de 0.75 trampas;wp 154;-54.8649833;-67.87728333;21;2;2;3;;75;;;;3;
jul_97;538;Captura total de 0.75 trampas;wp 154;-54.8649833;-67.87728333;21;2;2;4;2;77.8;;;;3;
jul_97;539;Captura total de 0.75 trampas;wp 154;-54.8649833;-67.87728333;21;2;2;4;;77.2;;;;3;
jul_97;540;Captura total de 0.75 trampas;wp 154;-54.8649833;-67.87728333;21;2;2;3;;70.7;;;;3;
jul_97;541;Captura total de 0.75 trampas;wp 154;-54.8649833;-67.87728333;21;2;2;4;;78.7;;;;3;
jul_97;542;Captura total de 0.75 trampas;wp 154;-54.8649833;-67.87728333;21;2;1;3;2;84.5;;;;;
jul_97;543;Captura total de 0.75 trampas;wp 154;-54.8649833;-67.87728333;21;2;2;4;2;69.1;;;;3;
jul_97;544;Captura total de 0.75 trampas;wp 154;-54.8649833;-67.87728333;21;2;2;3;;76.2;;;;1;
jul_97;545;Captura total de 0.75 trampas;wp 154;-54.8649833;-67.87728333;21;2;1;3;;79.4;;;;;
jul_97;546;Captura total de 0.75 trampas;wp 154;-54.8649833;-67.87728333;21;2;2;4;2;71.3;;;;3;
jul_97;547;Captura total de 0.75 trampas;wp 154;-54.8649833;-67.87728333;21;2;2;4;2;74.3;;;;3;
jul_97;548;Captura total de 0.75 trampas;wp 154;-54.8649833;-67.87728333;21;2;2;3;;72.5;;;;3;
jul_97;549;Captura total de 0.75 trampas;wp 154;-54.8649833;-67.87728333;21;2;1;3;;72.7;;;;;
jul_97;550;Captura total de 0.75 trampas;wp 154;-54.8649833;-67.87728333;21;2;2;3;;72.5;;;;3;
jul_97;551;Captura total de 0.75 trampas;wp 154;-54.8649833;-67.87728333;21;2;2;3;;74.2;;;;3;
jul_97;552;Captura total de 0.75 trampas;wp 154;-54.8649833;-67.87728333;21;2;2;4;2;69;;;;3;
jul_97;553;Captura total de 0.75 trampas;wp 154;-54.8649833;-67.87728333;21;2;2;4;2.3;72.7;;;;3;
jul_97;554;Captura total de 0.75 trampas;wp 154;-54.8649833;-67.87728333;21;2;2;4;1;77;;;;3;
jul_97;555;Captura total 2 trampas;al S de baliza de E. Remolino;-54.8696167;-67.86061667;18;2;1;3;;89.7;;;;;
jul_97;556;Captura total 2 trampas;al S de baliza de E. Remolino;-54.8696167;-67.86061667;18;2;1;3;;83.6;;;;;
jul_97;557;Captura total 2 trampas;al S de baliza de E. Remolino;-54.8696167;-67.86061667;18;2;1;3;;77.2;;;;;20
jul_97;558;Captura total 2 trampas;al S de baliza de E. Remolino;-54.8696167;-67.86061667;18;2;1;3;;84.9;;;;;
jul_97;559;Captura total 2 trampas;al S de baliza de E. Remolino;-54.8696167;-67.86061667;18;2;1;3;;70.3;;;;;
jul_97;560;Captura total 2 trampas;al S de baliza de E. Remolino;-54.8696167;-67.86061667;18;2;2;3;;65.8;;;;1;
jul_97;561;Captura total 2 trampas;al S de baliza de E. Remolino;-54.8696167;-67.86061667;18;2;2;3;;73.4;;;;1;
jul_97;562;Captura total 2 trampas;al S de baliza de E. Remolino;-54.8696167;-67.86061667;18;2;2;3;;68.7;;;;1;
jul_97;563;Captura total 2 trampas;al S de baliza de E. Remolino;-54.8696167;-67.86061667;18;2;2;3;;70.3;;;;1;
jul_97;564;Captura total 2 trampas;al S de baliza de E. Remolino;-54.8696167;-67.86061667;18;2;2;3;;73.1;;;;1;
jul_97;565;Captura total 2 trampas;al S de baliza de E. Remolino;-54.8696167;-67.86061667;18;2;2;3;;69.3;;;;1;
jul_97;566;Captura total 2 trampas;al S de baliza de E. Remolino;-54.8696167;-67.86061667;18;2;2;4;2;71;;;;3;
jul_97;567;Captura total 2 trampas;al S de baliza de E. Remolino;-54.8696167;-67.86061667;18;2;2;3;;63.7;;;;1;
jul_97;568;Captura total 2 trampas;al S de baliza de E. Remolino;-54.8696167;-67.86061667;18;2;2;3;;63;;;;0;
jul_97;569;Captura total 2 trampas;al S de baliza de E. Remolino;-54.8696167;-67.86061667;18;2;2;3;;71.5;;;;1;
jul_97;570;Captura total 2 trampas;al S de baliza de E. Remolino;-54.8696167;-67.86061667;18;2;2;3;;58.9;;;;0;
jul_97;571;Captura total 2 trampas;al S de baliza de E. Remolino;-54.8696167;-67.86061667;18;2;1;3;;77.1;;;;;
jul_97;572;Captura total 2 trampas;al S de baliza de E. Remolino;-54.8696167;-67.86061667;18;2;2;3;;73.2;;;;1;
jul_97;573;Captura total 2 trampas;al S de baliza de E. Remolino;-54.8696167;-67.86061667;18;2;2;3;;71.7;;;;1;
jul_97;574;Captura total 2 trampas;al S de baliza de E. Remolino;-54.8696167;-67.86061667;18;2;1;3;;70.6;;;;;
jul_97;575;Captura total 2 trampas;al S de baliza de E. Remolino;-54.8696167;-67.86061667;18;2;2;3;;75.2;;;;7;
jul_97;576;Captura total 2 trampas;al S de baliza de E. Remolino;-54.8696167;-67.86061667;18;2;1;3;;75.9;;;;;
jul_97;577;Captura total 2 trampas;al S de baliza de E. Remolino;-54.8696167;-67.86061667;18;2;2;3;;71.6;;;;1;
jul_97;578;Captura total 2 trampas;al S de baliza de E. Remolino;-54.8696167;-67.86061667;18;2;2;4;2;82.2;;;;3;
jul_97;579;Captura total 2 trampas;al S de baliza de E. Remolino;-54.8696167;-67.86061667;18;2;2;3;;69;;;;1;
jul_97;580;Captura total 2 trampas;al S de baliza de E. Remolino;-54.8696167;-67.86061667;18;2;1;3;;92.9;;;;;
jul_97;581;Captura total 2 trampas;al S de baliza de E. Remolino;-54.8696167;-67.86061667;18;2;2;3;;75;;;;1;
jul_97;582;Captura total 2 trampas;al S de baliza de E. Remolino;-54.8696167;-67.86061667;18;2;2;3;;77.2;;;;1;
jul_97;583;Captura total 2 trampas;al S de baliza de E. Remolino;-54.8696167;-67.86061667;18;2;2;3;;68.8;;;;1;
jul_97;584;Captura total 2 trampas;al S de baliza de E. Remolino;-54.8696167;-67.86061667;18;2;1;3;;69.4;;;;;
jul_97;585;Captura total 2 trampas;al S de baliza de E. Remolino;-54.8696167;-67.86061667;18;2;1;3;;74.3;;;;;
jul_97;586;Captura total 2 trampas;al S de baliza de E. Remolino;-54.8696167;-67.86061667;18;2;1;3;;87.3;;;;;
jul_97;587;Captura total 2 trampas;al S de baliza de E. Remolino;-54.8696167;-67.86061667;18;2;2;3;;72;;;;1;
jul_97;588;Captura total 2 trampas;al S de baliza de E. Remolino;-54.8696167;-67.86061667;18;2;2;3;;71.3;;;;1;
jul_97;589;Captura total 2 trampas;al S de baliza de E. Remolino;-54.8696167;-67.86061667;18;2;1;4;2;82.9;;;;;
jul_97;590;Captura total 2 trampas;al S de baliza de E. Remolino;-54.8696167;-67.86061667;18;2;2;4;2;69.2;;;;1;
jul_97;591;Captura total 2 trampas;al S de baliza de E. Remolino;-54.8696167;-67.86061667;18;2;2;3;;67.9;;;;1;
jul_97;592;Captura total 2 trampas;al S de baliza de E. Remolino;-54.8696167;-67.86061667;18;2;2;3;;67.6;;;;1;
jul_97;593;Captura total 2 trampas;al S de baliza de E. Remolino;-54.8696167;-67.86061667;18;2;2;3;;69.2;;;;1;
jul_97;594;Captura total 2 trampas;al S de baliza de E. Remolino;-54.8696167;-67.86061667;18;2;2;4;2;78.1;;;;5;
jul_97;595;Captura total 2 trampas;al S de baliza de E. Remolino;-54.8696167;-67.86061667;18;2;2;4;;80.8;;;;0;
jul_97;596;Captura total 2 trampas;al S de baliza de E. Remolino;-54.8696167;-67.86061667;18;2;2;3;;66.4;;;;0;
jul_97;597;Captura total 2 trampas;al S de baliza de E. Remolino;-54.8696167;-67.86061667;18;2;2;3;;71.9;;;;1;
jul_97;598;Captura total 2 trampas;al S de baliza de E. Remolino;-54.8696167;-67.86061667;18;2;1;3;;80.3;;;;;
jul_97;599;Captura total 2 trampas;al S de baliza de E. Remolino;-54.8696167;-67.86061667;18;2;2;3;;80.6;;;;1;
jul_97;600;Captura total 2 trampas;al S de baliza de E. Remolino;-54.8696167;-67.86061667;18;2;2;3;;65.7;;;;1;
jul_97;601;Captura total 2 trampas;al S de baliza de E. Remolino;-54.8696167;-67.86061667;18;2;2;3;;70.4;;;;1;
jul_97;602;Captura total 2 trampas;al S de baliza de E. Remolino;-54.8696167;-67.86061667;18;2;2;4;;74.5;;;;3;
jul_97;603;Captura total 2 trampas;al S de baliza de E. Remolino;-54.8696167;-67.86061667;18;2;2;3;;68.7;;;;1;
jul_97;604;Captura total 2 trampas;al S de baliza de E. Remolino;-54.8696167;-67.86061667;18;2;2;3;;64;;;;1;
jul_97;605;Captura total 2 trampas;al S de baliza de E. Remolino;-54.8696167;-67.86061667;18;2;2;3;;70.3;;;;1;
jul_97;606;Captura total 2 trampas;al S de baliza de E. Remolino;-54.8696167;-67.86061667;18;2;2;4;;69.7;;;;5;
jul_97;607;Captura total 2 trampas;al S de baliza de E. Remolino;-54.8696167;-67.86061667;18;2;2;3;;70.8;;;;1;
jul_97;608;Captura total 2 trampas;al S de baliza de E. Remolino;-54.8696167;-67.86061667;18;2;2;4;2;75;;;;0;
jul_97;609;Captura total 2 trampas;al S de baliza de E. Remolino;-54.8696167;-67.86061667;18;2;1;3;;89.8;;;;;
jul_97;610;Captura total 2 trampas;al S de baliza de E. Remolino;-54.8696167;-67.86061667;18;2;2;4;2;68.3;;;;3;
jul_97;611;Captura total 2 trampas;al S de baliza de E. Remolino;-54.8696167;-67.86061667;18;2;1;3;;79.1;;;;;
jul_97;612;Captura total 2 trampas;al S de baliza de E. Remolino;-54.8696167;-67.86061667;18;2;2;3;;76.7;;;;7;
jul_97;613;Captura total 2 trampas;al S de baliza de E. Remolino;-54.8696167;-67.86061667;18;2;2;3;;56.1;;;;0;
jul_97;614;Captura total 2 trampas;al S de baliza de E. Remolino;-54.8696167;-67.86061667;18;2;2;4;2;71.2;;;;3;
jul_97;615;Captura total 2 trampas;al S de baliza de E. Remolino;-54.8696167;-67.86061667;18;2;2;3;;69.6;;;;1;
jul_97;616;Captura total 2 trampas;al S de baliza de E. Remolino;-54.8696167;-67.86061667;18;2;2;4;;70.7;;;;3;
jul_97;617;Captura total 2 trampas;al S de baliza de E. Remolino;-54.8696167;-67.86061667;18;2;2;3;;73;;;;1;
jul_97;618;Captura total 2 trampas;al S de baliza de E. Remolino;-54.8696167;-67.86061667;18;2;1;4;2;72.6;;;;;
jul_97;619;Captura total 2 trampas;al S de baliza de E. Remolino;-54.8696167;-67.86061667;18;2;1;3;;79.4;;;;;
jul_97;620;Captura total 2 trampas;al S de baliza de E. Remolino;-54.8696167;-67.86061667;18;2;2;3;1;66.6;;;;1;
jul_97;621;Captura total 2 trampas;al S de baliza de E. Remolino;-54.8696167;-67.86061667;18;2;2;3;;78.7;;;;1;
jul_97;622;Captura total 2 trampas;al S de baliza de E. Remolino;-54.8696167;-67.86061667;18;2;1;3;;81.3;;;;;
jul_97;623;Captura total 2 trampas;al S de baliza de E. Remolino;-54.8696167;-67.86061667;18;2;1;4;2;77;;;;;
jul_97;624;Captura total 2 trampas;al S de baliza de E. Remolino;-54.8696167;-67.86061667;18;2;1;3;;84.5;;;;;
jul_97;625;Captura total 2 trampas;al S de baliza de E. Remolino;-54.8696167;-67.86061667;18;2;2;3;;71.9;;;;3;
jul_97;626;Captura total 2 trampas;al S de baliza de E. Remolino;-54.8696167;-67.86061667;18;2;2;4;2;71.3;;;;3;
jul_97;627;Captura total 2 trampas;al S de baliza de E. Remolino;-54.8696167;-67.86061667;18;2;1;3;;76.5;;;;;
jul_97;628;Captura total 2 trampas;al S de baliza de E. Remolino;-54.8696167;-67.86061667;18;2;2;3;;72.1;;;;1;
jul_97;629;Captura total 2 trampas;al S de baliza de E. Remolino;-54.8696167;-67.86061667;18;2;2;3;;68.2;;;;1;
jul_97;630;Captura total 2 trampas;al S de baliza de E. Remolino;-54.8696167;-67.86061667;18;2;2;4;;66.7;;;;1;
jul_97;631;Captura total 2 trampas;al S de baliza de E. Remolino;-54.8696167;-67.86061667;18;2;1;3;;80.2;;;;;
jul_97;632;Captura total 2 trampas;al S de baliza de E. Remolino;-54.8696167;-67.86061667;18;2;2;3;;68.6;;;;1;
jul_97;633;Captura total 2 trampas;al S de baliza de E. Remolino;-54.8696167;-67.86061667;18;2;2;3;;67.1;;;;1;
jul_97;634;Captura total 2 trampas;al S de baliza de E. Remolino;-54.8696167;-67.86061667;18;2;2;3;;68.1;;;;1;
jul_97;635;Captura total 2 trampas;al S de baliza de E. Remolino;-54.8696167;-67.86061667;18;2;2;3;;69.4;;;;1;
jul_97;636;Captura total 2 trampas;al S de baliza de E. Remolino;-54.8696167;-67.86061667;18;2;2;3;;68.5;;;;1;
jul_97;637;Captura total 2 trampas;al S de baliza de E. Remolino;-54.8696167;-67.86061667;18;2;2;4;2;70.7;;;;5;
jul_97;638;Captura total 2 trampas;al S de baliza de E. Remolino;-54.8696167;-67.86061667;18;2;2;3;;70.6;;;;3;
jul_97;639;Captura total 2 trampas;al S de baliza de E. Remolino;-54.8696167;-67.86061667;18;2;2;3;;68.1;;;;1;
jul_97;640;Captura total 2 trampas;al S de baliza de E. Remolino;-54.8696167;-67.86061667;18;2;2;3;;70.2;;;;1;
jul_97;641;Captura total 2 trampas;al S de baliza de E. Remolino;-54.8696167;-67.86061667;18;2;2;3;;75.7;;;;1;
jul_97;642;Captura total 2 trampas;al S de baliza de E. Remolino;-54.8696167;-67.86061667;18;2;2;3;;66.1;;;;1;
jul_97;643;Captura total 2 trampas;al S de baliza de E. Remolino;-54.8696167;-67.86061667;18;2;2;3;;69.5;;;;7;
jul_97;644;Captura total 2 trampas;al S de baliza de E. Remolino;-54.8696167;-67.86061667;18;2;2;3;;61.3;;;;0;
jul_97;645;Captura total 2 trampas;al S de baliza de E. Remolino;-54.8696167;-67.86061667;18;2;2;3;;84.6;;;;1;
jul_97;646;Captura total 2 trampas;al S de baliza de E. Remolino;-54.8696167;-67.86061667;18;2;2;3;;74;;;;1;
jul_97;647;Captura total 2 trampas;al S de baliza de E. Remolino;-54.8696167;-67.86061667;18;2;2;3;;68.5;;;;1;
jul_97;648;Captura total 2 trampas;al S de baliza de E. Remolino;-54.8696167;-67.86061667;18;2;2;3;;70.7;;;;1;
jul_97;649;Captura total 2 trampas;al S de baliza de E. Remolino;-54.8696167;-67.86061667;18;2;2;3;;68;;;;1;
jul_97;650;Captura total 2 trampas;al S de baliza de E. Remolino;-54.8696167;-67.86061667;18;2;2;3;;78.6;;;;0;
jul_97;651;Captura total 2 trampas;al S de baliza de E. Remolino;-54.8696167;-67.86061667;18;2;2;4;2;68.6;;;;3;
jul_97;652;Captura total 2 trampas;al S de baliza de E. Remolino;-54.8696167;-67.86061667;18;2;2;4;2;76.6;;;;0;
jul_97;653;Captura total 2 trampas;al S de baliza de E. Remolino;-54.8696167;-67.86061667;18;2;2;3;;67.7;;;;0;
jul_97;654;Captura total 2 trampas;al S de baliza de E. Remolino;-54.8696167;-67.86061667;18;2;2;3;;61.7;;;;1;
jul_97;655;Captura total 2 trampas;al S de baliza de E. Remolino;-54.8696167;-67.86061667;18;2;2;3;;70.6;;;;1;
jul_97;656;Captura total 2 trampas;al S de baliza de E. Remolino;-54.8696167;-67.86061667;18;2;2;3;;69.4;;;;1;
jul_97;657;Captura total 2 trampas;al S de baliza de E. Remolino;-54.8696167;-67.86061667;18;2;2;4;2;65.7;;;;1;
jul_97;658;Captura total 2 trampas;al S de baliza de E. Remolino;-54.8696167;-67.86061667;18;2;2;3;;72.5;;;;1;
jul_97;659;Captura total 2 trampas;al S de baliza de E. Remolino;-54.8696167;-67.86061667;18;2;2;3;;69.1;;;;1;
jul_97;660;Captura total 2 trampas;al S de baliza de E. Remolino;-54.8696167;-67.86061667;18;2;2;3;;70;;;;1;
jul_97;661;Captura total 2 trampas;al S de baliza de E. Remolino;-54.8696167;-67.86061667;18;2;2;4;2;72.2;;;;3;
jul_97;662;Captura total 2 trampas;al S de baliza de E. Remolino;-54.8696167;-67.86061667;18;2;2;3;;75.1;;;;1;
jul_97;663;Captura total 2 trampas;al S de baliza de E. Remolino;-54.8696167;-67.86061667;18;2;2;3;;73.3;;;;1;
jul_97;664;Captura total 2 trampas;al S de baliza de E. Remolino;-54.8696167;-67.86061667;18;2;2;3;;68;;;;1;
jul_97;665;Captura total 2 trampas;al S de baliza de E. Remolino;-54.8696167;-67.86061667;18;2;2;4;2.3;72.4;;;;5;
jul_97;666;Captura total 2 trampas;al S de baliza de E. Remolino;-54.8696167;-67.86061667;18;2;2;3;;66;;;;1;
jul_97;667;Captura total 2 trampas;al S de baliza de E. Remolino;-54.8696167;-67.86061667;18;2;2;3;;76.2;;;;1;
jul_97;668;Captura total 2 trampas;al S de baliza de E. Remolino;-54.8696167;-67.86061667;18;2;2;3;;68.9;;;;3;
jul_97;669;Captura total 2 trampas;al S de baliza de E. Remolino;-54.8696167;-67.86061667;18;2;2;4;2.3;65;;;;3;
jul_97;670;Captura total 2 trampas;al S de baliza de E. Remolino;-54.8696167;-67.86061667;18;2;2;3;;71;;;;1;
jul_97;671;Captura total 2 trampas;al S de baliza de E. Remolino;-54.8696167;-67.86061667;18;2;2;3;;62.6;;;;1;
jul_97;672;Captura total 2 trampas;al S de baliza de E. Remolino;-54.8696167;-67.86061667;18;2;2;3;2;59.8;;;;1;
jul_97;673;Captura total 2 trampas;al S de baliza de E. Remolino;-54.8696167;-67.86061667;18;2;2;3;;71.7;;;;1;
jul_97;674;Captura total 2 trampas;al S de baliza de E. Remolino;-54.8696167;-67.86061667;18;2;2;4;2;71.4;;;;5;
jul_97;675;Captura total 2 trampas;al S de baliza de E. Remolino;-54.8696167;-67.86061667;18;2;2;3;;64.8;;;;1;
jul_97;676;Captura total 2 trampas;al S de baliza de E. Remolino;-54.8696167;-67.86061667;18;2;2;3;;63.7;;;;1;
jul_97;677;Captura total 2 trampas;al S de baliza de E. Remolino;-54.8696167;-67.86061667;18;2;2;3;;62.8;;;;1;
jul_97;678;Captura total 2 trampas;al S de baliza de E. Remolino;-54.8696167;-67.86061667;18;2;2;3;;68.3;;;;1;
jul_97;679;Captura total 2 trampas;al S de baliza de E. Remolino;-54.8696167;-67.86061667;18;2;2;3;;66.4;;;;1;
jul_97;680;Captura total 2 trampas;al S de baliza de E. Remolino;-54.8696167;-67.86061667;18;2;2;3;;75.7;;;;1;
jul_97;681;Captura total 2 trampas;al S de baliza de E. Remolino;-54.8696167;-67.86061667;18;2;2;3;;71.8;;;;1;
jul_97;682;Captura total 2 trampas;al S de baliza de E. Remolino;-54.8696167;-67.86061667;18;2;2;4;2;68.7;;;;3;
jul_97;683;Captura total 2 trampas;al S de baliza de E. Remolino;-54.8696167;-67.86061667;18;2;2;3;;66.2;;;;1;
jul_97;684;Captura total 2 trampas;al S de baliza de E. Remolino;-54.8696167;-67.86061667;18;2;2;3;;65.9;;;;1;
jul_97;685;Captura total 2 trampas;al S de baliza de E. Remolino;-54.8696167;-67.86061667;18;2;2;3;;70.1;;;;1;
jul_97;686;Captura total 2 trampas;al S de baliza de E. Remolino;-54.8696167;-67.86061667;18;2;2;3;;75.4;;;;1;
jul_97;687;Captura total 2 trampas;al S de baliza de E. Remolino;-54.8696167;-67.86061667;18;2;2;3;;70.1;;;;1;
jul_97;688;Captura total 2 trampas;al S de baliza de E. Remolino;-54.8696167;-67.86061667;18;2;2;3;;64.7;;;;1;
jul_97;689;Captura total 2 trampas;al S de baliza de E. Remolino;-54.8696167;-67.86061667;18;2;2;3;;72;;;;1;
jul_97;690;Captura total 2 trampas;al S de baliza de E. Remolino;-54.8696167;-67.86061667;18;2;2;3;;74.5;;;;1;
jul_97;691;Captura total 2 trampas;al S de baliza de E. Remolino;-54.8696167;-67.86061667;18;2;2;4;;66.2;;;;5;
jul_97;692;Captura total 2 trampas;al S de baliza de E. Remolino;-54.8696167;-67.86061667;18;2;2;4;2;69.1;;;;5;
jul_97;693;Captura total 2 trampas;al S de baliza de E. Remolino;-54.8696167;-67.86061667;18;2;2;3;;70.9;;;;1;
jul_97;694;Captura total 2 trampas;al S de baliza de E. Remolino;-54.8696167;-67.86061667;18;2;2;3;;66.5;;;;0;
jul_97;695;Captura total de Lithodes en 6 lineas;;;;;1;2;3;;85.1;;;;0;
jul_97;696;Captura total de Lithodes en 6 lineas;;;;;1;2;3;;85.4;;;;0;
jul_97;697;Captura total de Lithodes en 6 lineas;;;;;1;2;3;;94.1;;;;3;
jul_97;698;Captura total de Lithodes en 6 lineas;;;;;1;2;2;;79.2;;;;0;
jul_97;699;Captura total de Lithodes en 6 lineas;;;;;1;1;2;;74.9;;41.5;18.7;;
jul_97;700;Captura total de Lithodes en 6 lineas;;;;;1;2;3;;76.9;;;;0;
jul_97;701;Captura total de Lithodes en 6 lineas;;;;;1;2;3;;97.9;;;;0;
jul_97;702;Captura total de Lithodes en 6 lineas;;;;;1;1;3;;76.5;;46.7;19.8;;
jul_97;703;Captura total de Lithodes en 6 lineas;;;;;1;2;3;;73.1;;;;0;
jul_97;704;Captura total de Lithodes en 6 lineas;;;;;1;1;2;;108.4;;65.8;30.5;;
jul_97;705;Captura total de Lithodes en 6 lineas;;;;;1;1;3;;90.6;;59.5;29.1;;20
jul_97;706;Captura total de Lithodes en 6 lineas;;;;;1;2;3;;86.7;;;;0;
jul_97;707;Captura total de Lithodes en 6 lineas;;;;;1;1;2;;101.6;;64.2;29.1;;
jul_97;708;Captura total de Lithodes en 6 lineas;;;;;1;2;2;;88.1;;;;0;
jul_97;709;Captura total de Lithodes en 6 lineas;;;;;1;1;2;;95.2;;58.6;25.7;;
jul_97;710;Captura total de Lithodes en 6 lineas;;;;;1;1;2;;92.2;;58.7;25.6;;
jul_97;711;Captura total de Lithodes en 6 lineas;;;;;1;2;3;;133.8;;;;3;
jul_97;712;Captura total de Lithodes en 6 lineas;;;;;1;2;3;;77.3;;;;0;
jul_97;713;Captura total de Lithodes en 6 lineas;;;;;1;2;3;;89;;;;0;
jul_97;714;Captura total de Lithodes en 6 lineas;;;;;1;2;3;;102.7;;;;3;
jul_97;715;Captura total de Lithodes en 6 lineas;;;;;1;1;3;;96.7;;62;29.7;;
jul_97;716;Captura total de Lithodes en 6 lineas;;;;;1;2;2;;82.7;;;;0;
jul_97;717;Captura total de Lithodes en 6 lineas;;;;;1;2;3;;78.4;;;;0;
jul_97;718;Captura total de Lithodes en 6 lineas;;;;;1;1;2;;81.9;;50.5;20.1;;
jul_97;719;Captura total de Lithodes en 6 lineas;;;;;1;2;2;;73.6;;;;0;
jul_97;720;Captura total de Lithodes en 6 lineas;;;;;1;1;3;;86.7;;54;23.1;;
jul_97;721;Captura total de Lithodes en 6 lineas;;;;;1;2;2;;80.9;;;;0;
jul_97;722;Captura total de Lithodes en 6 lineas;;;;;1;1;2;;110;;72.6;32.7;;
jul_97;723;Captura total de Lithodes en 6 lineas;;;;;1;2;2;;92.6;;;;0;
jul_97;724;Captura total de Lithodes en 6 lineas;;;;;1;2;3;;72.7;;;;0;
jul_97;725;Captura total de Lithodes en 6 lineas;;;;;1;2;3;;89.2;;;;3;20
jul_97;726;Captura total de Lithodes en 6 lineas;;;;;1;2;2;;80.7;;;;0;
jul_97;727;Captura total de Lithodes en 6 lineas;;;;;1;2;3;;81.7;;;;3;
jul_97;728;Captura total de Lithodes en 6 lineas;;;;;1;2;3;;85;;;;0;
jul_97;729;Captura total de Lithodes en 6 lineas;;;;;1;1;2;;118.2;;77.6;36.6;;
jul_97;730;Captura total de Lithodes en 6 lineas;;;;;1;2;3;;93.8;;;;3;
jul_97;731;Captura total de Lithodes en 6 lineas;;;;;1;2;3;;72.8;;;;0;
jul_97;732;Captura total de Lithodes en 6 lineas;;;;;1;2;2;;80;;;;0;
jul_97;733;Captura total de Lithodes en 6 lineas;;;;;1;1;3;;76.1;;46;18.5;;
jul_97;734;Captura total de Lithodes en 6 lineas;;;;;1;2;3;;82;;;;0;
jul_97;735;Captura total de Lithodes en 6 lineas;;;;;1;2;3;;79.5;;;;0;
jul_97;736;Captura total de Lithodes en 6 lineas;;;;;1;2;2;;83.9;;;;0;
jul_97;737;Captura total de Lithodes en 6 lineas;;;;;1;1;3;;78.1;;46.3;19.1;;
jul_97;738;Captura total de Lithodes en 6 lineas;;;;;1;1;2;;92;;59.1;25.3;;
jul_97;739;Captura total de Lithodes en 6 lineas;;;;;1;2;3;;82;;;;0;
jul_97;740;Captura total de Lithodes en 6 lineas;;;;;1;1;2;;89.8;;57.5;26.2;;
jul_97;741;Captura total de Lithodes en 6 lineas;;;;;1;1;2;;70.5;;41.6;17.2;;
jul_97;742;Captura total de Lithodes en 6 lineas;;;;;1;1;2;;85.6;;51.6;27.4;;
jul_97;743;Captura total de Lithodes en 6 lineas;;;;;1;2;2;;88.8;;;;0;
jul_97;744;Captura total de Lithodes en 6 lineas;;;;;1;2;2;;81.6;;;;0;
jul_97;745;Captura total de Lithodes en 6 lineas;;;;;1;1;2;;77.9;;46;18.2;;
jul_97;746;Captura total de Lithodes en 6 lineas;;;;;1;1;2;;92.8;;60.8;27;;
jul_97;747;Captura total de Lithodes en 6 lineas;;;;;1;2;2;;76.6;;;;0;
jul_97;748;Captura total de Lithodes en 6 lineas;;;;;1;2;3;;76.5;;;;0;
jul_97;749;Captura total de Lithodes en 6 lineas;;;;;1;2;2;;72.3;;;;0;
jul_97;750;Captura total de Lithodes en 6 lineas;;;;;1;2;3;;76.2;;;;0;
jul_97;751;Captura total de Lithodes en 6 lineas;;;;;1;2;3;;83.4;;;;0;
jul_97;752;Captura total de Lithodes en 6 lineas;;;;;1;2;2;;76.9;;;;0;
jul_97;753;Captura total de Lithodes en 6 lineas;;;;;1;2;3;;109.2;;;;3;
jul_97;754;Captura total de Lithodes en 6 lineas;;;;;1;2;3;;84.5;;;;3;
jul_97;755;Captura total de Lithodes en 6 lineas;;;;;1;2;3;;99;;;;3;
jul_97;756;Captura total de Lithodes en 6 lineas;;;;;1;2;3;;91.2;;;;3;
jul_97;757;Captura total de Lithodes en 6 lineas;;;;;1;1;2;;122.3;;85.4;37.2;;
jul_97;758;Captura total de Lithodes en 6 lineas;;;;;1;2;3;;105.3;;;;3;
jul_97;759;Captura total de Lithodes en 6 lineas;;;;;1;1;3;;86.7;;57.4;26.6;;
jul_97;760;Captura total de Lithodes en 6 lineas;;;;;1;2;3;;97.1;;;;3;
jul_97;761;Captura total de Lithodes en 6 lineas;;;;;1;2;3;;100.8;;;;0;
jul_97;762;Captura total de Lithodes en 6 lineas;;;;;1;2;2;;74.9;;;;0;
jul_97;763;Captura total de Lithodes en 6 lineas;;;;;1;1;2;;95.1;;56.2;25.4;;
jul_97;764;Captura total de Lithodes en 6 lineas;;;;;1;1;2;;119.4;;78.6;36.3;;
jul_97;765;Captura total de Lithodes en 6 lineas;;;;;1;2;3;;97.9;;;;3;
jul_97;766;Captura total de Lithodes en 6 lineas;;;;;1;2;3;;109.2;;;;3;
jul_97;767;Captura total de Lithodes en 6 lineas;;;;;1;2;3;;95.3;;;;3;
jul_97;768;Captura total de Lithodes en 6 lineas;;;;;1;2;3;;88.6;;;;0;
jul_97;769;Captura total de Lithodes en 6 lineas;;;;;1;2;3;;103.3;;;;0;
jul_97;770;Captura total de Lithodes en 6 lineas;;;;;1;2;3;;102.2;;;;3;
jul_97;771;Captura total de Lithodes en 6 lineas;;;;;1;2;3;;97.1;;;;3;
jul_97;772;Captura total de Lithodes en 6 lineas;;;;;1;2;3;;98.9;;;;3;
jul_97;773;Captura total de Lithodes en 6 lineas;;;;;1;2;3;;89.7;;;;3;
jul_97;774;Captura total de Lithodes en 6 lineas;;;;;1;2;3;;96.8;;;;3;
jul_97;775;Captura total de Lithodes en 6 lineas;;;;;1;1;3;;75.6;;45.8;18.7;;
jul_97;776;Captura total de Lithodes en 6 lineas;;;;;1;2;3;;92.9;;;;0;
jul_97;777;Captura total de Lithodes en 6 lineas;;;;;1;2;2;;94.1;;;;0;
jul_97;778;Captura total de Lithodes en 6 lineas;;;;;1;2;3;;89.3;;;;3;
jul_97;779;Captura total de Lithodes en 6 lineas;;;;;1;2;3;;88.2;;;;3;
jul_97;780;Captura total de Lithodes en 6 lineas;;;;;1;2;3;;101.2;;;;0;
jul_97;781;Captura total de Lithodes en 6 lineas;;;;;1;1;2;;95.1;;55.5;24.8;;
jul_97;782;Captura total de Lithodes en 6 lineas;;;;;1;2;3;;101.5;;;;3;
jul_97;783;Captura total de Lithodes en 6 lineas;;;;;1;2;3;;90.8;;;;0;
jul_97;784;Captura total de Lithodes en 6 lineas;;;;;1;2;3;;114.2;;;;3;
jul_97;785;Captura total de Lithodes en 6 lineas;;;;;1;1;2;;123.5;;79.2;37.9;;
jul_97;786;Captura total de Lithodes en 6 lineas;;;;;1;1;3;;83.4;;47.6;19.6;;
jul_97;787;Captura total de Lithodes en 6 lineas;;;;;1;2;3;;101;;;;3;
jul_97;788;Captura total de Lithodes en 6 lineas;;;;;1;2;3;;100.2;;;;3;
jul_97;789;Captura total de Lithodes en 6 lineas;;;;;1;2;3;;92.1;;;;3;
jul_97;790;Captura total de Lithodes en 6 lineas;;;;;1;2;3;;103;;;;3;
jul_97;791;Captura total de Lithodes en 6 lineas;;;;;1;2;3;;95.4;;;;3;
jul_97;792;Captura total de Lithodes en 6 lineas;;;;;1;2;3;;84.7;;;;0;
jul_97;793;Captura total de Lithodes en 6 lineas;;;;;1;2;3;;100.1;;;;0;
jul_97;794;Captura total de Lithodes en 6 lineas;;;;;1;2;3;;130.6;;;;3;
jul_97;795;Captura total de Lithodes en 6 lineas;;;;;1;2;2;;96.7;;;;0;
jul_97;796;Captura total de Lithodes en 6 lineas;;;;;1;2;3;;92.5;;;;3;
jul_97;797;Captura total de Lithodes en 6 lineas;;;;;1;2;3;;105.7;;;;3;
jul_97;798;Captura total de Lithodes en 6 lineas;;;;;1;2;3;;92.2;;;;7;
jul_97;799;Captura total de Lithodes en 6 lineas;;;;;1;2;3;;90.2;;;;3;
jul_97;800;Captura total de Lithodes en 6 lineas;;;;;1;1;2;;94.5;;59.9;27.8;;
jul_97;801;Captura total de Lithodes en 6 lineas;;;;;1;1;3;;105.3;;74.8;35.3;;
jul_97;802;Captura total de Lithodes en 6 lineas;;;;;1;1;3;;106.4;;74.2;34.4;;
jul_97;803;Captura total de Lithodes en 6 lineas;;;;;1;1;3;;102.5;;60.3;26.7;;
jul_97;804;Captura total de Lithodes en 6 lineas;;;;;1;2;3;;109.5;;;;3;
jul_97;805;Captura total de Lithodes en 6 lineas;;;;;1;2;3;;97;;;;3;
jul_97;806;Captura total de Lithodes en 6 lineas;;;;;1;2;3;;94.3;;;;3;
jul_97;807;Captura total de Lithodes en 6 lineas;;;;;1;1;2;;97.5;;70.5;26.4;;
jul_97;808;Captura total de Lithodes en 6 lineas;;;;;1;1;2;;103;;67.5;30.5;;
jul_97;809;Captura total de Lithodes en 6 lineas;;;;;1;2;3;;78.2;;;;3;
jul_97;810;Captura total de Lithodes en 6 lineas;;;;;1;1;2;;75;;44;18;;
jul_97;811;Captura total de Lithodes en 6 lineas;;;;;1;2;3;;90.3;;;;3;
jul_97;812;Captura total de Lithodes en 6 lineas;;;;;1;2;3;;75.1;;;;3;
jul_97;813;Muestreo de Desembarque;;;;;2;1;4;2;91.4;;;;;
jul_97;814;Muestreo de Desembarque;;;;;2;1;3;;83.5;;;;;
jul_97;815;Muestreo de Desembarque;;;;;2;1;3;;92.5;;;;;
jul_97;816;Muestreo de Desembarque;;;;;2;1;3;;85;;;;;
jul_97;817;Muestreo de Desembarque;;;;;2;1;3;;87.4;;;;;
jul_97;818;Muestreo de Desembarque;;;;;2;1;3;;92.8;;;;;
jul_97;819;Muestreo de Desembarque;;;;;2;1;4;2;97.2;;;;;
jul_97;820;Muestreo de Desembarque;;;;;2;1;4;2;101.8;;;;;
jul_97;821;Muestreo de Desembarque;;;;;2;1;4;2;87.8;;;;;
jul_97;822;Muestreo de Desembarque;;;;;2;1;3;;92.8;;;;;
jul_97;823;Muestreo de Desembarque;;;;;2;1;2;;81.8;;;;;20
jul_97;824;Muestreo de Desembarque;;;;;2;1;3;;82.1;;;;;
jul_97;825;Muestreo de Desembarque;;;;;2;1;4;2;97.7;;;;;
jul_97;826;Muestreo de Desembarque;;;;;2;1;4;2;88.5;;;;;
jul_97;827;Muestreo de Desembarque;;;;;2;1;4;2;79.9;;;;;
jul_97;828;Muestreo de Desembarque;;;;;2;1;4;2;95.4;;;;;
jul_97;829;Muestreo de Desembarque;;;;;2;1;3;;103.7;;;;;
jul_97;830;Muestreo de Desembarque;;;;;2;1;3;;83.4;;;;;
jul_97;831;Muestreo de Desembarque;;;;;2;1;4;2;83.4;;;;;
jul_97;832;Muestreo de Desembarque;;;;;2;1;4;2;101.3;;;;;
jul_97;833;Muestreo de Desembarque;;;;;2;1;3;;89.5;;;;;
jul_97;834;Muestreo de Desembarque;;;;;2;1;4;2;90.9;;;;;
jul_97;835;Muestreo de Desembarque;;;;;2;1;4;;89.9;;;;;
jul_97;836;Muestreo de Desembarque;;;;;2;1;3;;96.1;;;;;
jul_97;837;Muestreo de Desembarque;;;;;2;1;3;;85.7;;;;;
jul_97;838;Muestreo de Desembarque;;;;;2;1;3;;82.7;;;;;
jul_97;839;Muestreo de Desembarque;;;;;2;1;4;2;96.5;;;;;
jul_97;840;Muestreo de Desembarque;;;;;2;1;3;;91.3;;;;;
jul_97;841;Muestreo de Desembarque;;;;;2;1;4;2;95.8;;;;;
jul_97;842;Muestreo de Desembarque;;;;;2;1;3;;77.6;;;;;
jul_97;843;Muestreo de Desembarque;;;;;2;1;4;2;83.6;;;;;
jul_97;844;Muestreo de Desembarque;;;;;2;1;3;;96.3;;;;;
jul_97;845;Muestreo de Desembarque;;;;;2;1;3;;87.6;;;;;
jul_97;846;Muestreo de Desembarque;;;;;2;1;3;;91.7;;;;;
jul_97;847;Muestreo de Desembarque;;;;;2;1;3;;94.6;;;;;
jul_97;848;Muestreo de Desembarque;;;;;2;1;4;2;86.6;;;;;
jul_97;849;Muestreo de Desembarque;;;;;2;1;3;;91.2;;;;;
jul_97;850;Muestreo de Desembarque;;;;;2;1;3;;85.5;;;;;20
jul_97;851;Muestreo de Desembarque;;;;;2;1;3;;93.5;;;;;
jul_97;852;Muestreo de Desembarque;;;;;2;1;4;2;87.1;;;;;
jul_97;853;Muestreo de Desembarque;;;;;2;1;4;2;97.7;;;;;
jul_97;854;Muestreo de Desembarque;;;;;2;1;4;2;88.5;;;;;
jul_97;855;Muestreo de Desembarque;;;;;2;1;4;2;89;;;;;
jul_97;856;Muestreo de Desembarque;;;;;2;1;4;2;88.2;;;;;
jul_97;857;Muestreo de Desembarque;;;;;2;1;3;2;89.1;;;;;
jul_97;858;Muestreo de Desembarque;;;;;2;1;3;;99.4;;;;;
jul_97;859;Muestreo de Desembarque;;;;;2;1;3;;81;;;;;
jul_97;860;Muestreo de Desembarque;;;;;2;1;3;;91;;;;;
jul_97;861;Muestreo de Desembarque;;;;;2;1;4;2;95.3;;;;;
jul_97;862;Muestreo de Desembarque;;;;;2;1;3;;94.4;;;;;
jul_97;863;Muestreo de Desembarque;;;;;2;1;3;;94.5;;;;;
jul_97;864;Muestreo de Desembarque;;;;;2;1;3;;85.6;;;;;
jul_97;865;Muestreo de Desembarque;;;;;2;1;4;2;86.5;;;;;
jul_97;866;Muestreo de Desembarque;;;;;2;1;3;;89.7;;;;;
jul_97;867;Muestreo de Desembarque;;;;;2;1;4;2;85.4;;;;;
jul_97;868;Muestreo de Desembarque;;;;;2;1;3;;100.3;;;;;
jul_97;869;Muestreo de Desembarque;;;;;2;1;3;;94.3;;;;;
jul_97;870;Muestreo de Desembarque;;;;;2;1;3;;85.4;;;;;
jul_97;871;Muestreo de Desembarque;;;;;2;1;3;;90.3;;;;;
jul_97;872;Muestreo de Desembarque;;;;;2;1;3;;102.2;;;;;
jul_97;873;Muestreo de Desembarque;;;;;2;1;3;;85.6;;;;;
jul_97;874;Muestreo de Desembarque;;;;;2;1;4;2;93.7;;;;;
jul_97;875;Muestreo de Desembarque;;;;;2;1;3;;91.5;;;;;
jul_97;876;Muestreo de Desembarque;;;;;2;1;4;2;103.2;;;;;
jul_97;877;Muestreo de Desembarque;;;;;2;1;3;;89.9;;;;;
jul_97;878;Muestreo de Desembarque;;;;;2;1;3;;87.4;;;;;
jul_97;879;Muestreo de Desembarque;;;;;2;1;4;2;84;;;;;
jul_97;880;Muestreo de Desembarque;;;;;2;1;4;2;85.8;;;;;
jul_97;881;Muestreo de Desembarque;;;;;2;1;3;;91.5;;;;;
jul_97;882;Muestreo de Desembarque;;;;;2;1;4;2;87.6;;;;;
jul_97;883;Muestreo de Desembarque;;;;;2;1;3;;88;;;;;
jul_97;884;Muestreo de Desembarque;;;;;2;1;3;;91;;;;;
jul_97;885;Muestreo de Desembarque;;;;;2;1;3;;83.5;;;;;
jul_97;886;Muestreo de Desembarque;;;;;2;1;3;;98.2;;;;;20
jul_97;887;Muestreo de Desembarque;;;;;2;1;3;;102.4;;;;;
jul_97;888;Muestreo de Desembarque;;;;;2;1;4;2;79.9;;;;;
jul_97;889;Muestreo de Desembarque;;;;;2;1;3;;87.9;;;;;
jul_97;890;Muestreo de Desembarque;;;;;2;1;3;;87.3;;;;;
jul_97;891;Muestreo de Desembarque;;;;;2;1;3;;93.4;;;;;
jul_97;892;Muestreo de Desembarque;;;;;2;1;3;;80;;;;;
jul_97;893;Muestreo de Desembarque;;;;;2;1;3;;80.4;;;;;
jul_97;894;Muestreo de Desembarque;;;;;2;1;3;;94.2;;;;;
jul_97;895;Muestreo de Desembarque;;;;;2;1;3;;89.3;;;;;
jul_97;896;Muestreo de Desembarque;;;;;2;1;3;;92.2;;;;;
jul_97;897;Muestreo de Desembarque;;;;;2;1;3;;82;;;;;
jul_97;898;Muestreo de Desembarque;;;;;2;1;3;;91.8;;;;;
jul_97;899;Muestreo de Desembarque;;;;;2;1;3;;84;;;;;
jul_97;900;Muestreo de Desembarque;;;;;2;1;3;;85.2;;;;;
jul_97;901;Muestreo de Desembarque;;;;;2;1;4;2;99.6;;;;;
jul_97;902;Muestreo de Desembarque;;;;;2;1;3;;78.6;;;;;
jul_97;903;Muestreo de Desembarque;;;;;2;1;3;;88.7;;;;;
jul_97;904;Muestreo de Desembarque;;;;;2;1;3;;92.9;;;;;
jul_97;905;Muestreo de Desembarque;;;;;2;1;3;;94.4;;;;;
jul_97;906;Muestreo de Desembarque;;;;;2;1;3;;101;;;;;
jul_97;907;Muestreo de Desembarque;;;;;2;1;3;;92;;;;;
jul_97;908;Muestreo de Desembarque;;;;;2;1;3;;92.3;;;;;
jul_97;909;Muestreo de Desembarque;;;;;2;1;4;2;101.2;;;;;
jul_97;910;Muestreo de Desembarque;;;;;2;1;3;;98;;;;;
jul_97;911;Muestreo de Desembarque;;;;;2;1;3;;81.2;;;;;20
jul_97;912;Muestreo de Desembarque;;;;;2;1;4;2;84.8;;;;;
jul_97;913;Muestreo de Desembarque;;;;;2;1;4;;80.2;;;;;
jul_97;914;Muestreo de Desembarque;;;;;2;1;3;;76.2;;;;;
jul_97;915;Muestreo de Desembarque;;;;;2;1;3;;87.5;;;;;
jul_97;916;Muestreo de Desembarque;;;;;2;1;3;;98.3;;;;;
jul_97;917;Muestreo de Desembarque;;;;;2;1;3;;88.6;;;;;
jul_97;918;Muestreo de Desembarque;;;;;2;1;4;2;82.3;;;;;
jul_97;919;Muestreo de Desembarque;;;;;2;1;3;;87.9;;;;;
jul_97;920;Muestreo de Desembarque;;;;;2;1;3;;86.3;;;;;
jul_97;921;Muestreo de Desembarque;;;;;2;1;4;2;89;;;;;
jul_97;922;Muestreo de Desembarque;;;;;2;1;3;;79.8;;;;;
jul_97;923;Muestreo de Desembarque;;;;;2;1;4;2;83.7;;;;;
jul_97;924;Muestreo de Desembarque;;;;;2;1;3;;86.8;;;;;
jul_97;925;Muestreo de Desembarque;;;;;2;1;4;2;89.4;;;;;
jul_97;926;Muestreo de Desembarque;;;;;2;1;4;2;81.5;;;;;
jul_97;927;Muestreo de Desembarque;;;;;2;1;4;2;107.3;;;;;
jul_97;928;Muestreo de Desembarque;;;;;2;1;3;;82.3;;;;;
jul_97;929;Muestreo de Desembarque;;;;;2;1;3;;84.1;;;;;
jul_97;930;Muestreo de Desembarque;;;;;2;1;4;2;92;;;;;
jul_97;931;Muestreo de Desembarque;;;;;2;1;4;2;92.1;;;;;
jul_97;932;Muestreo de Desembarque;;;;;2;1;3;;92.7;;;;;
jul_97;933;Muestreo de Desembarque;;;;;2;1;4;2;85;;;;;
jul_97;934;Muestreo de Desembarque;;;;;2;1;3;;93.7;;;;;
jul_97;935;Muestreo de Desembarque;;;;;2;1;4;2;91.5;;;;;
jul_97;936;Muestreo de Desembarque;;;;;2;1;4;2;88;;;;;
jul_97;937;Muestreo de Desembarque;;;;;2;1;3;;84.7;;;;;
jul_97;938;Muestreo de Desembarque;;;;;2;1;3;;88.2;;;;;
jul_97;939;Muestreo de Desembarque;;;;;2;1;4;2;88.5;;;;;
jul_97;940;Muestreo de Desembarque;;;;;2;1;3;;94.5;;;;;
jul_97;941;Muestreo de Desembarque;;;;;2;1;3;;80.5;;;;;
jul_97;942;Muestreo de Desembarque;;;;;2;1;4;2;91;;;;;
jul_97;943;Muestreo de Desembarque;;;;;2;1;3;;93.1;;;;;
jul_97;944;Muestreo de Desembarque;;;;;2;1;4;2;87.7;;;;;
jul_97;945;Muestreo de Desembarque;;;;;2;1;3;;96.7;;;;;
jul_97;946;Muestreo de Desembarque;;;;;2;1;3;;91.7;;;;;
jul_97;947;Muestreo de Desembarque;;;;;2;1;3;;93.5;;;;;
jul_97;948;Muestreo de Desembarque;;;;;2;1;3;;86.5;;;;;
jul_97;949;Muestreo de Desembarque;;;;;2;1;4;2;98.2;;;;;
jul_97;950;Muestreo de Desembarque;;;;;2;1;4;2;80.7;;;;;
jul_97;951;Muestreo de Desembarque;;;;;2;1;4;2;92.3;;;;;20
jul_97;952;Muestreo de Desembarque;;;;;2;1;4;2;93.8;;;;;
jul_97;953;Muestreo de Desembarque;;;;;2;1;3;;80.7;;;;;
jul_97;954;Muestreo de Desembarque;;;;;2;1;3;;92.2;;;;;
jul_97;955;Muestreo de Desembarque;;;;;2;1;3;;89.3;;;;;20
jul_97;956;Muestreo de Desembarque;;;;;2;1;3;2;93.1;;;;;
jul_97;957;Muestreo de Desembarque;;;;;2;1;3;;88.9;;;;;
jul_97;958;Muestreo de Desembarque;;;;;2;1;3;;83.3;;;;;
jul_97;959;Muestreo de Desembarque;;;;;2;1;3;;89.2;;;;;
jul_97;960;Muestreo de Desembarque;;;;;2;1;3;2;93;;;;;
jul_97;961;Muestreo de Desembarque;;;;;2;1;3;2;86.5;;;;;
jul_97;962;Muestreo de Desembarque;;;;;2;1;3;2;89.8;;;;;
jul_97;963;Muestreo de Desembarque;;;;;2;1;3;2;89.5;;;;;
jul_97;964;Muestreo de Desembarque;;;;;2;1;3;2;89;;;;;
jul_97;965;Muestreo de Desembarque;;;;;2;1;3;2;90.8;;;;;
jul_97;966;Muestreo de Desembarque;;;;;2;1;3;2;94;;;;;
jul_97;967;Muestreo de Desembarque;;;;;2;1;3;2;89.7;;;;;
jul_97;968;Muestreo de Desembarque;;;;;2;1;3;2;93.9;;;;;
jul_97;969;Muestreo de Desembarque;;;;;2;1;4;2;86.5;;;;;
jul_97;970;Muestreo de Desembarque;;;;;2;1;3;;85.5;;;;;
jul_97;971;Muestreo de Desembarque;;;;;2;1;3;;80.7;;;;;
jul_97;972;Muestreo de Desembarque;;;;;2;1;3;2;92.7;;;;;
jul_97;973;Muestreo de Desembarque;;;;;2;1;3;;99.4;;;;;
jul_97;974;Muestreo de Desembarque;;;;;2;1;3;;88;;;;;
jul_97;975;Muestreo de Desembarque;;;;;2;1;3;;88.9;;;;;
jul_97;976;Muestreo de Desembarque;;;;;2;1;3;;90.4;;;;;
jul_97;977;Muestreo de Desembarque;;;;;2;1;3;;89.7;;;;;
jul_97;978;Muestreo de Desembarque;;;;;2;1;3;2;100.8;;;;;
jul_97;979;Muestreo de Desembarque;;;;;2;1;3;2;96.2;;;;;
jul_97;980;Muestreo de Desembarque;;;;;2;1;3;;90;;;;;
jul_97;981;Muestreo de Desembarque;;;;;2;1;3;;87.1;;;;;
jul_97;982;Muestreo de Desembarque;;;;;2;1;3;2;97.2;;;;;
jul_97;983;Muestreo de Desembarque;;;;;2;1;3;;101;;;;;
jul_97;984;Muestreo de Desembarque;;;;;2;1;3;2;101.6;;;;;
jul_97;985;Muestreo de Desembarque;;;;;2;1;3;;95.9;;;;;
jul_97;986;Muestreo de Desembarque;;;;;2;1;4;2;82.1;;;;;
jul_97;987;Muestreo de Desembarque;;;;;2;1;3;;84.8;;;;;
jul_97;988;Muestreo de Desembarque;;;;;2;1;4;;90.7;;;;;
jul_97;989;Muestreo de Desembarque;;;;;2;1;3;;93.8;;;;;
jul_97;990;Muestreo de Desembarque;;;;;2;1;3;;98.2;;;;;
jul_97;991;Muestreo de Desembarque;;;;;2;1;3;;98.2;;;;;
jul_97;992;Muestreo de Desembarque;;;;;2;1;3;2;88.8;;;;;
jul_97;993;Muestreo de Desembarque;;;;;2;1;3;;95.2;;;;;
jul_97;994;Muestreo de Desembarque;;;;;2;1;3;;90.1;;;;;
jul_97;995;Muestreo de Desembarque;;;;;2;2;3;;87;;;;0;
jul_97;996;Muestreo de Desembarque;;;;;2;1;3;;101.9;;;;;
jul_97;997;Muestreo de Desembarque;;;;;2;1;3;2;87.2;;;;;
jul_97;998;Muestreo de Desembarque;;;;;2;1;3;;91.4;;;;;
jul_97;999;Muestreo de Desembarque;;;;;2;1;4;2;95;;;;;
jul_97;1000;Muestreo de Desembarque;;;;;2;1;3;;87.5;;;;;
jul_97;1001;Muestreo de Desembarque;;;;;2;1;3;;87.1;;;;;
jul_97;1002;Muestreo de Desembarque;;;;;2;1;3;;93.1;;;;;
jul_97;1003;Muestreo de Desembarque;;;;;2;1;4;2;89.1;;;;;
jul_97;1004;Muestreo de Desembarque;;;;;2;1;3;;86;;;;;
jul_97;1005;Muestreo de Desembarque;;;;;2;1;4;2;85.5;;;;;
jul_97;1006;Muestreo de Desembarque;;;;;2;1;4;2;85.2;;;;;
jul_97;1007;Muestreo de Desembarque;;;;;2;1;3;;91.5;;;;;
jul_97;1008;Muestreo de Desembarque;;;;;2;1;3;;94.3;;;;;
jul_97;1009;Muestreo de Desembarque;;;;;2;1;3;;89.3;;;;;
jul_97;1010;Muestreo de Desembarque;;;;;2;1;3;;96.8;;;;;
jul_97;1011;Muestreo de Desembarque;;;;;2;1;4;2;89;;;;;20
jul_97;1012;Muestreo de Desembarque;;;;;2;1;3;;102.9;;;;;
jul_97;1013;Muestreo de Desembarque;;;;;2;1;3;;95.8;;;;;
jul_97;1014;Muestreo de Desembarque;;;;;2;1;4;2;88.9;;;;;
jul_97;1015;Muestreo de Desembarque;;;;;2;1;4;2;92.9;;;;;
jul_97;1016;Muestreo de Desembarque;;;;;2;1;3;;89.5;;;;;
jul_97;1017;Muestreo de Desembarque;;;;;2;1;3;;92.1;;;;;
jul_97;1018;Muestreo de Desembarque;;;;;2;1;3;;94.2;;;;;
jul_97;1019;Muestreo de Desembarque;;;;;2;1;3;;85.2;;;;;
jul_97;1020;Muestreo de Desembarque;;;;;2;1;3;;92.7;;;;;
jul_97;1021;Muestreo de Desembarque;;;;;2;1;2;;100.4;;;;;
jul_97;1022;Muestreo de Desembarque;;;;;2;1;4;2;95;;;;;
jul_97;1023;Muestreo de Desembarque;;;;;2;1;3;;90.7;;;;;
jul_97;1024;Muestreo de Desembarque;;;;;2;1;3;;91.9;;;;;
jul_97;1025;Muestreo de Desembarque;;;;;2;1;3;;93.8;;;;;
jul_97;1026;Muestreo de Desembarque;;;;;2;1;3;;82.7;;;;;
jul_97;1027;Muestreo de Desembarque;;;;;2;1;3;;91.6;;;;;
jul_97;1028;Muestreo de Desembarque;;;;;2;1;3;;97.5;;;;;
jul_97;1029;Muestreo de Desembarque;;;;;2;1;3;;94;;;;;
jul_97;1030;Muestreo de Desembarque;;;;;2;1;3;;86;;;;;
jul_97;1031;Muestreo de Desembarque;;;;;2;1;3;;85.3;;;;;
jul_97;1032;Muestreo de Desembarque;;;;;2;1;3;2;90.4;;;;;
jul_97;1033;Muestreo de Desembarque;;;;;2;1;3;;87.4;;;;;
jul_97;1034;Muestreo de Desembarque;;;;;2;1;3;;91.8;;;;;
jul_97;1035;Muestreo de Desembarque;;;;;2;1;3;;80.7;;;;;
jul_97;1036;Muestreo de Desembarque;;;;;2;1;3;;93.2;;;;;
jul_97;1037;Muestreo de Desembarque;;;;;2;1;4;2;93.3;;;;;
jul_97;1038;Muestreo de Desembarque;;;;;2;1;3;;95.3;;;;;
jul_97;1039;Muestreo de Desembarque;;;;;2;1;3;;96;;;;;
jul_97;1040;Muestreo de Desembarque;;;;;2;1;3;;99.6;;;;;
jul_97;1041;Muestreo de Desembarque;;;;;2;1;3;;91.9;;;;;
jul_97;1042;Muestreo de Desembarque;;;;;2;1;4;;99.8;;;;;
jul_97;1043;Muestreo de Desembarque;;;;;2;1;3;1;101.8;;;;;
jul_97;1044;Muestreo de Desembarque;;;;;2;1;3;;91.1;;;;;
jul_97;1045;Muestreo de Desembarque;;;;;2;1;3;;92.2;;;;;
jul_97;1046;Muestreo de Desembarque;;;;;2;1;3;;91.3;;;;;
jul_97;1047;Muestreo de Desembarque;;;;;2;1;3;;89.8;;;;;
jul_97;1048;Muestreo de Desembarque;;;;;2;1;3;;81.7;;;;;
jul_97;1049;Muestreo de Desembarque;;;;;2;1;3;;85.1;;;;;
jul_97;1050;Muestreo de Desembarque;;;;;2;1;3;;82.5;;;;;
jul_97;1051;Muestreo de Desembarque;;;;;2;1;3;;79.8;;;;;
jul_97;1052;Captura total 2 trampas;wp 155;-54.9143833;-67.13245;34;2;1;3;;81;;;;;
jul_97;1053;Captura total 2 trampas;wp 155;-54.9143833;-67.13245;34;2;1;3;;75.8;;;;;
jul_97;1054;Captura total 2 trampas;wp 155;-54.9143833;-67.13245;34;2;1;3;;89.4;;;;;
jul_97;1055;Captura total 2 trampas;wp 155;-54.9143833;-67.13245;34;2;1;4;2;86.9;;;;;
jul_97;1056;Captura total 2 trampas;wp 155;-54.9143833;-67.13245;34;2;1;4;2;95.7;;;;;
jul_97;1057;Captura total 2 trampas;wp 155;-54.9143833;-67.13245;34;2;2;3;;72.5;;;;0;
jul_97;1058;Captura total 2 trampas;wp 155;-54.9143833;-67.13245;34;2;1;3;;80.7;;;;;
jul_97;1059;Captura total 2 trampas;wp 155;-54.9143833;-67.13245;34;2;1;4;2;86.6;;;;;
jul_97;1060;Captura total 2 trampas;wp 155;-54.9143833;-67.13245;34;2;1;3;;72.5;;;;;
jul_97;1061;Captura total 2 trampas;wp 155;-54.9143833;-67.13245;34;2;1;4;;83.5;;;;;
jul_97;1062;Captura total 2 trampas;wp 155;-54.9143833;-67.13245;34;2;1;3;;71.5;;;;;
jul_97;1063;Captura total 2 trampas;wp 155;-54.9143833;-67.13245;34;2;2;3;;72.7;;;;6;
jul_97;1064;Captura total 2 trampas;wp 155;-54.9143833;-67.13245;34;2;1;3;;73.4;;;;;
jul_97;1065;Captura total 2 trampas;wp 155;-54.9143833;-67.13245;34;2;1;4;2;77.6;;;;;
jul_97;1066;Captura total 2 trampas;wp 155;-54.9143833;-67.13245;34;2;1;3;;64.7;;;;;
jul_97;1067;Captura total 2 trampas;wp 155;-54.9143833;-67.13245;34;2;2;3;;72.7;;;;1;
jul_97;1068;Captura total 2 trampas;wp 155;-54.9143833;-67.13245;34;2;2;4;2;69.7;;;;4;
jul_97;1069;Captura total 2 trampas;wp 155;-54.9143833;-67.13245;34;2;1;4;3;85.8;;;;;
jul_97;1070;Captura total 2 trampas;wp 155;-54.9143833;-67.13245;34;2;2;4;2;78.1;;;;5;
jul_97;1071;Captura total 2 trampas;wp 155;-54.9143833;-67.13245;34;2;1;3;;70.5;;;;;
jul_97;1072;Captura total 2 trampas;wp 155;-54.9143833;-67.13245;34;2;1;3;;72.6;;;;;
jul_97;1073;Captura total 2 trampas;wp 155;-54.9143833;-67.13245;34;2;1;3;;67.2;;;;;
jul_97;1074;Captura total 2 trampas;wp 155;-54.9143833;-67.13245;34;2;2;3;;76.4;;;;5;
jul_97;1075;Captura total 2 trampas;wp 155;-54.9143833;-67.13245;34;2;1;3;;72.1;;;;;
jul_97;1076;Captura total 2 trampas;wp 155;-54.9143833;-67.13245;34;2;1;4;2;82.2;;;;;
jul_97;1077;Captura total 2 trampas;wp 155;-54.9143833;-67.13245;34;2;1;3;;80.2;;;;;
jul_97;1078;Captura total 2 trampas;wp 155;-54.9143833;-67.13245;34;2;2;3;;54;;;;0;2
jul_97;1079;Captura total 2 trampas;wp 155;-54.9143833;-67.13245;34;2;2;4;2;81.5;;;;;
jul_97;1080;Captura total 2 trampas;wp 155;-54.9143833;-67.13245;34;2;1;3;;82.9;;;;;
jul_97;1081;Captura total 2 trampas;wp 155;-54.9143833;-67.13245;34;2;2;4;2;66.2;;;;5;
jul_97;1082;Captura total 2 trampas;wp 155;-54.9143833;-67.13245;34;2;1;3;;81.5;;;;;
jul_97;1083;Captura total 2 trampas;wp 155;-54.9143833;-67.13245;34;2;1;4;2;72.2;;;;;
jul_97;1084;Captura total 2 trampas;wp 155;-54.9143833;-67.13245;34;2;1;3;;71.5;;;;;
jul_97;1085;Captura total 2 trampas;wp 155;-54.9143833;-67.13245;34;2;2;3;;76.7;;;;30;
jul_97;1086;Captura total 2 trampas;wp 155;-54.9143833;-67.13245;34;2;1;3;;79.2;;;;;
jul_97;1087;Captura total 2 trampas;wp 155;-54.9143833;-67.13245;34;2;2;4;2;84.5;;;;5;
jul_97;1088;Captura total 2 trampas;wp 155;-54.9143833;-67.13245;34;2;2;3;;74.4;;;;7;
jul_97;1089;Captura total 2 trampas;wp 155;-54.9143833;-67.13245;34;2;1;4;2;89;;;;;
jul_97;1090;Captura total 2 trampas;wp 155;-54.9143833;-67.13245;34;2;2;4;2;80.5;;;;5;
jul_97;1091;Captura total 2 trampas;wp 155;-54.9143833;-67.13245;34;2;2;3;;82.4;;;;1;
jul_97;1092;Captura total 2 trampas;wp 155;-54.9143833;-67.13245;34;2;1;3;;73.7;;;;;
jul_97;1093;Captura total 2 trampas;wp 155;-54.9143833;-67.13245;34;2;2;3;;72.3;;;;30;
jul_97;1094;Captura total 2 trampas;wp 155;-54.9143833;-67.13245;34;2;2;4;2;54.9;;;;5;
jul_97;1095;Captura total 2 trampas;wp 155;-54.9143833;-67.13245;34;2;2;4;2;68.9;;;;3;
jul_97;1096;Captura total 2 trampas;wp 155;-54.9143833;-67.13245;34;2;1;4;2;79.4;;;;;
jul_97;1097;Captura total 2 trampas;wp 155;-54.9143833;-67.13245;34;2;2;3;;78.7;;;;1;
jul_97;1098;Captura total 2 trampas;wp 155;-54.9143833;-67.13245;34;2;1;3;;80.2;;;;;
jul_97;1099;Captura total 2 trampas;wp 155;-54.9143833;-67.13245;34;2;1;3;;92.3;;;;;
jul_97;1100;Captura total 2 trampas;wp 155;-54.9143833;-67.13245;34;2;1;4;2;81;;;;;
jul_97;1101;Captura total 2 trampas;wp 155;-54.9143833;-67.13245;34;2;1;4;2;84.7;;;;;
jul_97;1102;Captura total 2 trampas;wp 155;-54.9143833;-67.13245;34;2;2;4;2;76;;;;0;
jul_97;1103;Captura total 2 trampas;wp 155;-54.9143833;-67.13245;34;2;2;4;2;71.4;;;;5;
jul_97;1104;Captura total 2 trampas;wp 155;-54.9143833;-67.13245;34;2;2;3;;74.6;;;;0;
jul_97;1105;Captura total 2 trampas;wp 155;-54.9143833;-67.13245;34;2;1;4;2;89.7;;;;;
jul_97;1106;Captura total 2 trampas;wp 155;-54.9143833;-67.13245;34;2;1;3;;90;;;;;
jul_97;1107;Captura total 2 trampas;wp 155;-54.9143833;-67.13245;34;2;2;4;2;79.8;;;;0;
jul_97;1108;Captura total 2 trampas;wp 155;-54.9143833;-67.13245;34;2;2;3;;74.3;;;;30;
jul_97;1109;Captura total 2 trampas;wp 155;-54.9143833;-67.13245;34;2;1;3;;84.6;;;;;
jul_97;1110;Captura total 2 trampas;wp 155;-54.9143833;-67.13245;34;2;1;3;;78.8;;;;;
jul_97;1111;Captura total 2 trampas;wp 155;-54.9143833;-67.13245;34;2;1;3;;76.6;;;;;
jul_97;1112;Captura total 2 trampas;wp 155;-54.9143833;-67.13245;34;2;1;3;;85.5;;;;;
jul_97;1113;Captura total 2 trampas;wp 155;-54.9143833;-67.13245;34;2;1;3;;83.9;;;;;
jul_97;1114;Captura total 2 trampas;wp 155;-54.9143833;-67.13245;34;2;1;3;;73.9;;;;;
jul_97;1115;Captura total 2 trampas;wp 155;-54.9143833;-67.13245;34;2;2;3;;77.9;;;;7;
jul_97;1116;Captura total 2 trampas;wp 155;-54.9143833;-67.13245;34;2;1;3;;66.5;;;;;
jul_97;1117;Captura total 2 trampas;wp 155;-54.9143833;-67.13245;34;2;1;3;;80.1;;;;;
jul_97;1118;Captura total 2 trampas;wp 155;-54.9143833;-67.13245;34;2;1;3;;73.1;;;;;
jul_97;1119;Captura total 2 trampas;wp 155;-54.9143833;-67.13245;34;2;2;3;;78.5;;;;1;
jul_97;1120;Captura total 2 trampas;wp 155;-54.9143833;-67.13245;34;2;2;3;;77.7;;;;1;
jul_97;1121;Captura total 2 trampas;wp 155;-54.9143833;-67.13245;34;2;1;3;;75.8;;;;;
jul_97;1122;Captura total 2 trampas;wp 155;-54.9143833;-67.13245;34;2;2;4;2;72;;;;1;
jul_97;1123;Captura total 2 trampas;wp 155;-54.9143833;-67.13245;34;2;1;4;2;77.9;;;;;
jul_97;1124;Captura total 2 trampas;wp 155;-54.9143833;-67.13245;34;2;2;3;;70.2;;;;1;
jul_97;1125;Captura total 2 trampas;wp 155;-54.9143833;-67.13245;34;2;2;4;2;78.2;;;;5;
jul_97;1126;Captura total 2 trampas;wp 155;-54.9143833;-67.13245;34;2;1;4;2;88.2;;;;;
jul_97;1127;Captura total 2 trampas;wp 155;-54.9143833;-67.13245;34;2;1;3;;91;;;;;
jul_97;1128;Captura total 2 trampas;wp 155;-54.9143833;-67.13245;34;2;2;4;2;68.4;;;;5;
jul_97;1129;Captura total 2 trampas;wp 155;-54.9143833;-67.13245;34;2;1;3;;76.5;;;;;
jul_97;1130;Captura total 2 trampas;wp 155;-54.9143833;-67.13245;34;2;1;3;;83.9;;;;;
jul_97;1131;Captura total 2 trampas;wp 155;-54.9143833;-67.13245;34;2;2;3;;79.1;;;;1;
jul_97;1132;Captura total 2 trampas;wp 155;-54.9143833;-67.13245;34;2;1;3;;88;;;;;
jul_97;1133;Captura total 2 trampas;wp 155;-54.9143833;-67.13245;34;2;1;3;;84.6;;;;;
jul_97;1134;Captura total 2 trampas;wp 155;-54.9143833;-67.13245;34;2;1;3;;92.1;;;;;
jul_97;1135;Captura total 2 trampas;wp 155;-54.9143833;-67.13245;34;2;2;4;2;72.9;;;;30;
jul_97;1136;Captura total 2 trampas;wp 155;-54.9143833;-67.13245;34;2;2;3;;67.6;;;;1;
jul_97;1137;Captura total 2 trampas;wp 155;-54.9143833;-67.13245;34;2;1;3;;75.8;;;;;
jul_97;1138;Captura total 2 trampas;wp 155;-54.9143833;-67.13245;34;2;2;4;2.3;68.8;;;;5;
jul_97;1139;Captura total 2 trampas;wp 155;-54.9143833;-67.13245;34;2;2;3;;75.6;;;;1;
jul_97;1140;Captura total 2 trampas;wp 155;-54.9143833;-67.13245;34;2;1;3;;100.3;;;;;
jul_97;1141;Captura total 2 trampas;wp 155;-54.9143833;-67.13245;34;2;1;3;;101.9;;;;;
jul_97;1142;Captura total 2 trampas;wp 155;-54.9143833;-67.13245;34;2;2;4;2.3;82.7;;;;3;
jul_97;1143;Captura total 2 trampas;wp 155;-54.9143833;-67.13245;34;2;1;3;;79.4;;;;;
jul_97;1144;Captura total 2 trampas;wp 155;-54.9143833;-67.13245;34;2;1;4;2;69.9;;;;;
jul_97;1145;Captura total 2 trampas;wp 155;-54.9143833;-67.13245;34;2;1;3;;84;;;;;
jul_97;1146;Captura total 2 trampas;wp 155;-54.9143833;-67.13245;34;2;1;4;2;79.7;;;;;
jul_97;1147;Captura total 2 trampas;wp 155;-54.9143833;-67.13245;34;2;1;3;;71.1;;;;;
jul_97;1148;Captura total 2 trampas;wp 155;-54.9143833;-67.13245;34;2;2;4;2;77.2;;;;3;
jul_97;1149;Captura total 2 trampas;wp 155;-54.9143833;-67.13245;34;2;2;3;;66.9;;;;1;
jul_97;1150;Captura total 2 trampas;wp 155;-54.9143833;-67.13245;34;2;1;4;2;86.2;;;;;
jul_97;1151;Captura total 2 trampas;wp 155;-54.9143833;-67.13245;34;2;1;3;;76.1;;;;;20
jul_97;1152;Captura total 2 trampas;wp 155;-54.9143833;-67.13245;34;2;1;3;;78.9;;;;;
jul_97;1153;Captura total 2 trampas;wp 155;-54.9143833;-67.13245;34;2;1;3;;74.6;;;;;
jul_97;1154;Captura total 2 trampas;wp 155;-54.9143833;-67.13245;34;2;1;3;;84.7;;;;;
jul_97;1155;Captura total 2 trampas;wp 155;-54.9143833;-67.13245;34;2;1;4;2;73.1;;;;;
jul_97;1156;Captura total 2 trampas;wp 155;-54.9143833;-67.13245;34;2;2;3;;75.6;;;;1;
jul_97;1157;Captura total 2 trampas;wp 155;-54.9143833;-67.13245;34;2;1;4;2;89.2;;;;;
jul_97;1158;Captura total 2 trampas;wp 155;-54.9143833;-67.13245;34;2;1;4;2;84;;;;;
jul_97;1159;Captura total 2 trampas;wp 155;-54.9143833;-67.13245;34;2;1;3;;89.4;;;;;
jul_97;1160;Captura total 2 trampas;wp 155;-54.9143833;-67.13245;34;2;1;3;;72.7;;;;;
jul_97;1161;Captura total 2 trampas;wp 155;-54.9143833;-67.13245;34;2;1;4;2;90.2;;;;;
jul_97;1162;Captura total 2 trampas;wp 155;-54.9143833;-67.13245;34;2;1;4;2;87.6;;;;;
jul_97;1163;Captura total 2 trampas;wp 155;-54.9143833;-67.13245;34;2;1;3;;55.7;;;;;
jul_97;1164;Captura total 2 trampas;wp 155;-54.9143833;-67.13245;34;2;1;3;;83.5;;;;;
jul_97;1165;Captura total 2 trampas;wp 155;-54.9143833;-67.13245;34;2;1;3;;85;;;;;
jul_97;1166;Captura total 2 trampas;wp 155;-54.9143833;-67.13245;34;2;1;3;;78.2;;;;;
jul_97;1167;Captura total 2 trampas;wp 155;-54.9143833;-67.13245;34;2;1;3;;88.6;;;;;
jul_97;1168;Captura total 2 trampas;wp 155;-54.9143833;-67.13245;34;2;1;4;2;78.6;;;;;
jul_97;1169;Captura total 2 trampas;wp 155;-54.9143833;-67.13245;34;2;1;3;;79.1;;;;;
jul_97;1170;Captura total 2 trampas;wp 155;-54.9143833;-67.13245;34;2;2;4;2;69;;;;3;
jul_97;1171;Captura total 2 trampas;wp 155;-54.9143833;-67.13245;34;2;1;4;2;86.2;;;;;
jul_97;1172;Captura total 2 trampas;wp 155;-54.9143833;-67.13245;34;2;2;4;2;91.1;;;;0;
jul_97;1173;Captura total 2 trampas;wp 155;-54.9143833;-67.13245;34;2;1;4;2;97.5;;;;;
jul_97;1174;Captura total 2 trampas;wp 155;-54.9143833;-67.13245;34;2;1;3;;91.7;;;;;
jul_97;1175;Captura total 2 trampas;wp 155;-54.9143833;-67.13245;34;2;1;3;;91.2;;;;;
jul_97;1176;Captura total 2 trampas;wp 155;-54.9143833;-67.13245;34;2;1;4;2;88.4;;;;;
jul_97;1177;Captura total 2 trampas;wp 155;-54.9143833;-67.13245;34;2;1;3;;87.4;;;;;
jul_97;1178;Captura total 2 trampas;wp 155;-54.9143833;-67.13245;34;2;1;4;2;87.4;;;;;
jul_97;1179;Captura total 2 trampas;wp 155;-54.9143833;-67.13245;34;2;2;3;;75.7;;;;1;
jul_97;1180;Captura total 2 trampas;wp 155;-54.9143833;-67.13245;34;2;2;3;;66.7;;;;30;
jul_97;1181;Captura total 2 trampas;wp 155;-54.9143833;-67.13245;34;2;2;4;2.3;75.7;;;;3;
jul_97;1182;Captura total 2 trampas;wp 155;-54.9143833;-67.13245;34;2;2;3;;72;;;;1;
jul_97;1183;Captura total 2 trampas;wp 155;-54.9143833;-67.13245;34;2;2;3;;64.7;;;;1;
jul_97;1184;Captura total 2 trampas;wp 155;-54.9143833;-67.13245;34;2;1;3;;61.6;;;;;
jul_97;1185;Captura total 2 trampas;wp 155;-54.9143833;-67.13245;34;2;2;3;;67;;;;1;
jul_97;1186;Captura total 2 trampas;wp 155;-54.9143833;-67.13245;34;2;2;4;2;69.2;;;;3;
jul_97;1187;Captura total 2 trampas;wp 155;-54.9143833;-67.13245;34;2;2;3;;62.4;;;;1;
jul_97;1188;Captura total 2 trampas;wp 155;-54.9143833;-67.13245;34;2;2;3;;54.3;;;;0;
jul_97;1189;Captura total 2 trampas;wp 155;-54.9143833;-67.13245;34;2;2;3;;54.6;;;;0;
jul_97;1190;Captura total 2 trampas;wp 155;-54.9143833;-67.13245;34;2;2;3;;53.1;;;;1;
jul_97;1191;Captura total 2 trampas;wp 155;-54.9143833;-67.13245;34;2;2;3;;60.6;;;;0;
jul_97;1192;Captura total 6 trampas;wp 156;-54.92165;-67.11291667;57;2;2;4;2;83.7;;;;0;
jul_97;1193;Captura total 6 trampas;wp 156;-54.92165;-67.11291667;57;2;1;4;2;88.1;;;;;
jul_97;1194;Captura total 6 trampas;wp 156;-54.92165;-67.11291667;57;2;2;4;2;81.6;;;;5;
jul_97;1195;Captura total 6 trampas;wp 156;-54.92165;-67.11291667;57;2;1;3;;86.4;;;;;
jul_97;1196;Captura total 6 trampas;wp 156;-54.92165;-67.11291667;57;2;1;4;2;82.4;;;;;
jul_97;1197;Captura total 6 trampas;wp 156;-54.92165;-67.11291667;57;2;1;3;;78.7;;;;;
jul_97;1198;Captura total 6 trampas;wp 156;-54.92165;-67.11291667;57;2;1;3;;87.6;;;;;
jul_97;1199;Captura total 6 trampas;wp 156;-54.92165;-67.11291667;57;2;2;4;2;78.4;;;;5;
jul_97;1200;Captura total 6 trampas;wp 156;-54.92165;-67.11291667;57;2;1;3;;95;;;;;
jul_97;1201;Captura total 6 trampas;wp 156;-54.92165;-67.11291667;57;2;2;3;;74;;;;30;
jul_97;1202;Captura total 6 trampas;wp 156;-54.92165;-67.11291667;57;2;2;4;2;86.6;;;;4;
jul_97;1203;Captura total 6 trampas;wp 156;-54.92165;-67.11291667;57;2;2;3;;80;;;;30;
jul_97;1204;Captura total 6 trampas;wp 156;-54.92165;-67.11291667;57;2;2;4;2;71.5;;;;3;
jul_97;1205;Captura total 6 trampas;wp 156;-54.92165;-67.11291667;57;2;1;4;2;83.6;;;;;
jul_97;1206;Captura total 6 trampas;wp 156;-54.92165;-67.11291667;57;2;2;3;;73.6;;;;1;
jul_97;1207;Captura total 6 trampas;wp 156;-54.92165;-67.11291667;57;2;2;4;2;73.2;;;;5;
jul_97;1208;Captura total 6 trampas;wp 156;-54.92165;-67.11291667;57;2;1;3;;89;;;;;
jul_97;1209;Captura total 6 trampas;wp 156;-54.92165;-67.11291667;57;2;2;3;;71.1;;;;1;
jul_97;1210;Captura total 6 trampas;wp 156;-54.92165;-67.11291667;57;2;2;4;2;76.8;;;;4;
jul_97;1211;Captura total 6 trampas;wp 156;-54.92165;-67.11291667;57;2;2;4;3;81.9;;;;5;
jul_97;1212;Captura total 6 trampas;wp 156;-54.92165;-67.11291667;57;2;1;3;;99;;;;;
jul_97;1213;Captura total 6 trampas;wp 156;-54.92165;-67.11291667;57;2;2;3;;65.1;;;;30;
jul_97;1214;Captura total 6 trampas;wp 156;-54.92165;-67.11291667;57;2;2;4;2;76;;;;5;
jul_97;1215;Captura total 6 trampas;wp 156;-54.92165;-67.11291667;57;2;2;3;;74.7;;;;1;
jul_97;1216;Captura total 6 trampas;wp 156;-54.92165;-67.11291667;57;2;2;3;;74.8;;;;1;
jul_97;1217;Captura total 6 trampas;wp 156;-54.92165;-67.11291667;57;2;1;3;;90.2;;;;;
jul_97;1218;Captura total 6 trampas;wp 156;-54.92165;-67.11291667;57;2;2;4;2;76.6;;;;3;
jul_97;1219;Captura total 6 trampas;wp 156;-54.92165;-67.11291667;57;2;1;4;2;77.8;;;;;
jul_97;1220;Captura total 6 trampas;wp 156;-54.92165;-67.11291667;57;2;2;4;;80.7;;;;4;
jul_97;1221;Captura total 6 trampas;wp 156;-54.92165;-67.11291667;57;2;2;4;2;79;;;;3;
jul_97;1222;Captura total 6 trampas;wp 156;-54.92165;-67.11291667;57;2;2;4;2;59.4;;;;5;
jul_97;1223;Captura total 6 trampas;wp 156;-54.92165;-67.11291667;57;2;2;4;;76;;;;4;
jul_97;1224;Captura total 6 trampas;wp 156;-54.92165;-67.11291667;57;2;2;4;2.3;80.8;;;;3;
jul_97;1225;Captura total 6 trampas;wp 156;-54.92165;-67.11291667;57;2;1;3;;85.7;;;;;
jul_97;1226;Captura total 6 trampas;wp 156;-54.92165;-67.11291667;57;2;2;3;;67.7;;;;0;
jul_97;1227;Captura total 6 trampas;wp 156;-54.92165;-67.11291667;57;2;2;4;2;80.8;;;;0;
jul_97;1228;Captura total 6 trampas;wp 156;-54.92165;-67.11291667;57;2;1;3;;95.4;;;;;
jul_97;1229;Captura total 6 trampas;wp 156;-54.92165;-67.11291667;57;2;1;3;;91.1;;;;;
jul_97;1230;Captura total 6 trampas;wp 156;-54.92165;-67.11291667;57;2;2;3;;63.1;;;;1;
jul_97;1231;Captura total 6 trampas;wp 156;-54.92165;-67.11291667;57;2;2;3;;69.2;;;;1;
jul_97;1232;Captura total 6 trampas;wp 156;-54.92165;-67.11291667;57;2;1;3;;77.2;;;;;
jul_97;1233;Captura total 6 trampas;wp 156;-54.92165;-67.11291667;57;2;1;3;;88;;;;;
jul_97;1234;Captura total 6 trampas;wp 156;-54.92165;-67.11291667;57;2;1;3;;81.3;;;;;
jul_97;1235;Captura total 6 trampas;wp 156;-54.92165;-67.11291667;57;2;1;3;;79.2;;;;;
jul_97;1236;Captura total 6 trampas;wp 156;-54.92165;-67.11291667;57;2;2;4;2;72.8;;;;3;
jul_97;1237;Captura total 6 trampas;wp 156;-54.92165;-67.11291667;57;2;2;3;;82;;;;3;
jul_97;1238;Captura total 6 trampas;wp 156;-54.92165;-67.11291667;57;2;2;3;;81.2;;;;1;
jul_97;1239;Captura total 6 trampas;wp 156;-54.92165;-67.11291667;57;2;2;3;;75.1;;;;0;
jul_97;1240;Captura total 6 trampas;wp 156;-54.92165;-67.11291667;57;2;2;3;;61;;;;1;
jul_97;1241;Captura total 6 trampas;wp 156;-54.92165;-67.11291667;57;2;1;3;;93.2;;;;;
jul_97;1242;Captura total 6 trampas;wp 156;-54.92165;-67.11291667;57;2;2;4;2;70.2;;;;5;
jul_97;1243;Captura total 6 trampas;wp 156;-54.92165;-67.11291667;57;2;2;3;;80.5;;;;30;
jul_97;1244;Captura total 6 trampas;wp 156;-54.92165;-67.11291667;57;2;2;4;2;70.6;;;;4;
jul_97;1245;Captura total 6 trampas;wp 156;-54.92165;-67.11291667;57;2;1;3;;79.9;;;;;
jul_97;1246;Captura total 6 trampas;wp 156;-54.92165;-67.11291667;57;2;1;3;;94.4;;;;;
jul_97;1247;Captura total 6 trampas;wp 156;-54.92165;-67.11291667;57;2;2;3;;62.6;;;;0;
jul_97;1248;Captura total 6 trampas;wp 156;-54.92165;-67.11291667;57;2;2;4;2.3;71.4;;;;5;
jul_97;1249;Captura total 6 trampas;wp 156;-54.92165;-67.11291667;57;2;2;4;2;63.6;;;;5;
jul_97;1250;Captura total 6 trampas;wp 156;-54.92165;-67.11291667;57;2;2;3;;66.9;;;;1;
jul_97;1251;Captura total 6 trampas;wp 156;-54.92165;-67.11291667;57;2;1;3;;60;;;;;
jul_97;1252;Captura total 6 trampas;wp 156;-54.92165;-67.11291667;57;2;2;4;2;76;;;;0;
jul_97;1253;Captura total 6 trampas;wp 156;-54.92165;-67.11291667;57;2;2;4;2;77.6;;;;5;
jul_97;1254;Captura total 6 trampas;wp 156;-54.92165;-67.11291667;57;2;2;4;2;91.4;;;;0;
jul_97;1255;Captura total 6 trampas;wp 156;-54.92165;-67.11291667;57;2;2;4;2;65.5;;;;5;
jul_97;1256;Captura total 6 trampas;wp 156;-54.92165;-67.11291667;57;2;2;3;;56.4;;;;1;
jul_97;1257;Captura total 6 trampas;wp 156;-54.92165;-67.11291667;57;2;2;3;;57.4;;;;0;
jul_97;1258;Captura total 6 trampas;wp 156;-54.92165;-67.11291667;57;2;2;3;;71.1;;;;0;
jul_97;1259;Captura total 6 trampas;wp 156;-54.92165;-67.11291667;57;2;2;3;;64.1;;;;0;
jul_97;1260;Captura total 6 trampas;wp 156;-54.92165;-67.11291667;57;2;2;3;;66.5;;;;1;
jul_97;1261;Captura total 6 trampas;wp 156;-54.92165;-67.11291667;57;2;2;4;2;72.4;;;;3;
jul_97;1262;Captura total 6 trampas;wp 156;-54.92165;-67.11291667;57;2;2;4;2;70.1;;;;5;
jul_97;1263;Captura total 6 trampas;wp 156;-54.92165;-67.11291667;57;2;2;3;;67.8;;;;1;
jul_97;1264;Captura total 6 trampas;wp 156;-54.92165;-67.11291667;57;2;2;4;2;80.6;;;;3;
jul_97;1265;Captura total 6 trampas;wp 156;-54.92165;-67.11291667;57;2;2;4;2;57.9;;;;3;
jul_97;1266;Captura total 6 trampas;wp 156;-54.92165;-67.11291667;57;2;2;4;2;76.2;;;;3;
jul_97;1267;Captura total 6 trampas;wp 156;-54.92165;-67.11291667;57;2;2;3;;69.7;;;;1;
jul_97;1268;Captura total 6 trampas;wp 156;-54.92165;-67.11291667;57;2;2;3;;72.7;;;;1;
jul_97;1269;Captura total 6 trampas;wp 156;-54.92165;-67.11291667;57;2;2;4;2;74.7;;;;3;
jul_97;1270;Captura total 6 trampas;wp 156;-54.92165;-67.11291667;57;2;2;3;;59.9;;;;0;
jul_97;1271;Captura total 6 trampas;wp 156;-54.92165;-67.11291667;57;2;2;4;2;64.5;;;;3;
jul_97;1272;Captura total 6 trampas;wp 156;-54.92165;-67.11291667;57;2;2;4;2;77;;;;0;
jul_97;1273;Captura total 6 trampas;wp 156;-54.92165;-67.11291667;57;2;1;3;;80.3;;;;;
jul_97;1274;Captura total 6 trampas;wp 156;-54.92165;-67.11291667;57;2;2;3;;62.7;;;;3;
jul_97;1275;Captura total 6 trampas;wp 156;-54.92165;-67.11291667;57;2;2;4;2;75.7;;;;3;
jul_97;1276;Captura total 6 trampas;wp 156;-54.92165;-67.11291667;57;2;2;3;;80.7;;;;3;
jul_97;1277;Captura total 6 trampas;wp 156;-54.92165;-67.11291667;57;2;2;4;2;73;;;;3;
jul_97;1278;Captura total 6 trampas;wp 156;-54.92165;-67.11291667;57;2;2;3;;66.7;;;;1;
jul_97;1279;Captura total 6 trampas;wp 156;-54.92165;-67.11291667;57;2;1;3;;69.2;;;;;
jul_97;1280;Captura total 6 trampas;wp 156;-54.92165;-67.11291667;57;2;2;3;;60.8;;;;1;
jul_97;1281;Captura total 6 trampas;wp 156;-54.92165;-67.11291667;57;2;2;3;;91.9;;;;;
jul_97;1282;Captura total 6 trampas;wp 156;-54.92165;-67.11291667;57;2;1;3;;87.9;;;;;
jul_97;1283;Captura total 6 trampas;wp 156;-54.92165;-67.11291667;57;2;1;3;;61.7;;;;;
jul_97;1284;Captura total 6 trampas;wp 156;-54.92165;-67.11291667;57;2;1;3;;91.3;;;;;
jul_97;1285;Captura total 6 trampas;wp 156;-54.92165;-67.11291667;57;2;2;4;2;69.4;;;;3;
jul_97;1286;Captura total 6 trampas;wp 156;-54.92165;-67.11291667;57;2;1;3;;94.6;;;;;
jul_97;1287;Captura total 6 trampas;wp 156;-54.92165;-67.11291667;57;2;1;3;;95;;;;;
jul_97;1288;Captura total 6 trampas;wp 156;-54.92165;-67.11291667;57;2;2;4;2;66.7;;;;5;
jul_97;1289;Captura total 6 trampas;wp 156;-54.92165;-67.11291667;57;2;2;4;2;79.1;;;;3;
jul_97;1290;Captura total 6 trampas;wp 156;-54.92165;-67.11291667;57;2;2;4;2;71.7;;;;5;
jul_97;1291;Captura total 6 trampas;wp 156;-54.92165;-67.11291667;57;2;2;3;;57.1;;;;1;
jul_97;1292;Captura total 6 trampas;wp 156;-54.92165;-67.11291667;57;2;2;4;2;60.1;;;;3;
jul_97;1293;Captura total 6 trampas;wp 156;-54.92165;-67.11291667;57;2;2;3;;65;;;;1;
jul_97;1294;Captura total 6 trampas;wp 156;-54.92165;-67.11291667;57;2;1;3;;97.3;;;;;
jul_97;1295;Captura total 6 trampas;wp 156;-54.92165;-67.11291667;57;2;2;4;2;76.3;;;;5;
jul_97;1296;Captura total 6 trampas;wp 156;-54.92165;-67.11291667;57;2;2;3;;64.2;;;;1;
jul_97;1297;Captura total 6 trampas;wp 156;-54.92165;-67.11291667;57;2;2;4;2;69.2;;;;5;
jul_97;1298;Captura total 6 trampas;wp 156;-54.92165;-67.11291667;57;2;2;3;;70.3;;;;3;
jul_97;1299;Captura total 6 trampas;wp 156;-54.92165;-67.11291667;57;2;1;3;;84.7;;;;;
jul_97;1300;Captura total 6 trampas;wp 156;-54.92165;-67.11291667;57;2;2;3;2;71.3;;;;1;
jul_97;1301;Captura total 6 trampas;wp 156;-54.92165;-67.11291667;57;2;2;3;;82.6;;;;3;
jul_97;1302;Captura total 6 trampas;wp 156;-54.92165;-67.11291667;57;2;2;3;;82.3;;;;;
jul_97;1303;Captura total 6 trampas;wp 156;-54.92165;-67.11291667;57;2;2;4;2;63.9;;;;5;
jul_97;1304;Captura total 6 trampas;wp 156;-54.92165;-67.11291667;57;2;2;4;2;70.5;;;;3;
jul_97;1305;Captura total 6 trampas;wp 156;-54.92165;-67.11291667;57;2;2;4;2;73.1;;;;3;
jul_97;1306;Captura total 6 trampas;wp 156;-54.92165;-67.11291667;57;2;2;4;2;72.5;;;;0;
jul_97;1307;Captura total 6 trampas;wp 156;-54.92165;-67.11291667;57;2;2;3;;61.4;;;;0;
jul_97;1308;Captura total 6 trampas;wp 156;-54.92165;-67.11291667;57;2;2;3;;72.1;;;;1;
jul_97;1309;Captura total 6 trampas;wp 156;-54.92165;-67.11291667;57;2;1;4;2;71.5;;;;;
jul_97;1310;Captura total 6 trampas;wp 156;-54.92165;-67.11291667;57;2;1;3;;82.8;;;;;
jul_97;1311;Captura total 6 trampas;wp 156;-54.92165;-67.11291667;57;2;2;4;2;62.6;;;;3;
jul_97;1312;Captura total 6 trampas;wp 156;-54.92165;-67.11291667;57;2;2;4;2;65.1;;;;3;
jul_97;1313;Captura total 6 trampas;wp 156;-54.92165;-67.11291667;57;2;2;4;2;76.6;;;;3;
jul_97;1314;Captura total 6 trampas;wp 156;-54.92165;-67.11291667;57;2;2;4;2;62.2;;;;0;
jul_97;1315;Captura total 6 trampas;wp 156;-54.92165;-67.11291667;57;2;2;3;;67;;;;3;
jul_97;1316;Captura total 6 trampas;wp 156;-54.92165;-67.11291667;57;2;2;4;2.3;67.5;;;;5;
jul_97;1317;Captura total 6 trampas;wp 156;-54.92165;-67.11291667;57;2;2;3;;71;;;;3;
jul_97;1318;Captura total 6 trampas;wp 156;-54.92165;-67.11291667;57;2;1;3;;94.7;;;;;
jul_97;1319;Captura total 6 trampas;wp 156;-54.92165;-67.11291667;57;2;2;4;2;75.2;;;;5;
jul_97;1320;Captura total 6 trampas;wp 156;-54.92165;-67.11291667;57;2;2;4;2;72.1;;;;5;
jul_97;1321;Captura total 6 trampas;wp 156;-54.92165;-67.11291667;57;2;2;4;2;69.6;;;;3;
jul_97;1322;Captura total 6 trampas;wp 156;-54.92165;-67.11291667;57;2;2;4;;73;;;;3;
jul_97;1323;Captura total 6 trampas;wp 156;-54.92165;-67.11291667;57;2;2;4;2;70.9;;;;5;
jul_97;1324;Captura total 6 trampas;wp 156;-54.92165;-67.11291667;57;2;2;3;;75.6;;;;1;
jul_97;1325;Captura total 6 trampas;wp 156;-54.92165;-67.11291667;57;2;1;3;;79.7;;;;;
jul_97;1326;Captura total 6 trampas;wp 156;-54.92165;-67.11291667;57;2;1;3;;93.4;;;;;
jul_97;1327;Captura total 6 trampas;wp 156;-54.92165;-67.11291667;57;2;1;3;;85.1;;;;;
jul_97;1328;Captura total 6 trampas;wp 156;-54.92165;-67.11291667;57;2;2;4;2;60.1;;;;5;
jul_97;1329;Captura total 6 trampas;wp 156;-54.92165;-67.11291667;57;2;2;4;2;80;;;;4;
jul_97;1330;Captura total 6 trampas;wp 156;-54.92165;-67.11291667;57;2;2;3;;85.8;;;;6;
jul_97;1331;Captura total 6 trampas;wp 156;-54.92165;-67.11291667;57;2;2;3;;85.2;;;;3;
jul_97;1332;Captura total 6 trampas;wp 156;-54.92165;-67.11291667;57;2;2;4;2;71.4;;;;5;
jul_97;1333;Captura total 6 trampas;wp 156;-54.92165;-67.11291667;57;2;2;3;;68.8;;;;3;
jul_97;1334;Captura total 6 trampas;wp 156;-54.92165;-67.11291667;57;2;2;3;;79.1;;;;1;
jul_97;1335;Captura total 6 trampas;wp 156;-54.92165;-67.11291667;57;2;2;4;2;80.7;;;;3;
jul_97;1336;Captura total 6 trampas;wp 156;-54.92165;-67.11291667;57;2;2;3;;85.7;;;;3;
jul_97;1337;Captura total 6 trampas;wp 156;-54.92165;-67.11291667;57;2;2;4;2;71.8;;;;3;
jul_97;1338;Captura total 6 trampas;wp 156;-54.92165;-67.11291667;57;2;2;4;2;78.7;;;;3;
jul_97;1339;Captura total 6 trampas;wp 156;-54.92165;-67.11291667;57;2;2;4;2;69.5;;;;5;
jul_97;1340;Captura total 6 trampas;wp 156;-54.92165;-67.11291667;57;2;2;4;2;67.2;;;;5;
jul_97;1341;Captura total 6 trampas;wp 156;-54.92165;-67.11291667;57;2;2;4;2;76.6;;;;1;
jul_97;1342;Captura total 6 trampas;wp 156;-54.92165;-67.11291667;57;2;2;4;2;62.5;;;;3;
jul_97;1343;Captura total 6 trampas;wp 156;-54.92165;-67.11291667;57;2;2;3;;70.2;;;;3;
jul_97;1344;Captura total 6 trampas;wp 156;-54.92165;-67.11291667;57;2;2;4;2;74.9;;;;5;
jul_97;1345;Captura total 6 trampas;wp 156;-54.92165;-67.11291667;57;2;1;3;;104.7;;;;;
jul_97;1346;Captura total 6 trampas;wp 156;-54.92165;-67.11291667;57;2;2;4;2;82.3;;;;3;
jul_97;1347;Captura total 6 trampas;wp 156;-54.92165;-67.11291667;57;2;1;3;;96;;;;;
jul_97;1348;Captura total 6 trampas;wp 156;-54.92165;-67.11291667;57;2;2;4;2;78.8;;;;5;
jul_97;1349;Captura total 6 trampas;wp 156;-54.92165;-67.11291667;57;2;2;4;2;71;;;;0;
jul_97;1350;Captura total 6 trampas;wp 156;-54.92165;-67.11291667;57;2;2;4;2;80.2;;;;4;
jul_97;1351;Captura total 6 trampas;wp 156;-54.92165;-67.11291667;57;2;2;3;;60.4;;;;0;
jul_97;1352;Captura total 6 trampas;wp 156;-54.92165;-67.11291667;57;2;2;4;2;71.3;;;;3;
jul_97;1353;Captura total 6 trampas;wp 156;-54.92165;-67.11291667;57;2;2;4;2;69.2;;;;3;
jul_97;1354;Captura total 6 trampas;wp 156;-54.92165;-67.11291667;57;2;2;4;2;68.6;;;;3;
jul_97;1355;Captura total 6 trampas;wp 156;-54.92165;-67.11291667;57;2;2;4;2;69.7;;;;5;
jul_97;1356;Captura total 6 trampas;wp 156;-54.92165;-67.11291667;57;2;2;3;;67.7;;;;0;
jul_97;1357;Captura total 6 trampas;wp 156;-54.92165;-67.11291667;57;2;2;4;2;72.6;;;;3;
jul_97;1358;Captura total 6 trampas;wp 156;-54.92165;-67.11291667;57;2;2;4;2;61.2;;;;4;
jul_97;1359;Captura total 6 trampas;wp 156;-54.92165;-67.11291667;57;2;2;3;;67.2;;;;30;
jul_97;1360;Captura total 6 trampas;wp 156;-54.92165;-67.11291667;57;2;2;4;2;88.4;;;;5;
jul_97;1361;Captura total 6 trampas;wp 156;-54.92165;-67.11291667;57;2;2;3;;79.1;;;;3;
jul_97;1362;Captura total 6 trampas;wp 156;-54.92165;-67.11291667;57;2;1;3;;71.5;;;;;
jul_97;1363;Captura total 6 trampas;wp 156;-54.92165;-67.11291667;57;2;2;4;2;79.1;;;;3;
jul_97;1364;Captura total 6 trampas;wp 156;-54.92165;-67.11291667;57;2;2;4;2;77.2;;;;3;
jul_97;1365;Captura total 6 trampas;wp 156;-54.92165;-67.11291667;57;2;2;4;2;72.9;;;;3;
jul_97;1366;Captura total 6 trampas;wp 156;-54.92165;-67.11291667;57;2;2;4;2;83.8;;;;3;
jul_97;1367;Captura total 6 trampas;wp 156;-54.92165;-67.11291667;57;2;2;4;2;68.2;;;;3;
jul_97;1368;Captura total 6 trampas;wp 156;-54.92165;-67.11291667;57;2;2;3;;71.7;;;;30;
jul_97;1369;Captura total 6 trampas;wp 156;-54.92165;-67.11291667;57;2;2;4;2;70.4;;;;5;
jul_97;1370;Captura total 6 trampas;wp 156;-54.92165;-67.11291667;57;2;2;4;2;78.9;;;;3;
jul_97;1371;Captura total 6 trampas;wp 156;-54.92165;-67.11291667;57;2;2;4;2;62.8;;;;3;
jul_97;1372;Captura total 6 trampas;wp 156;-54.92165;-67.11291667;57;2;2;3;;64.6;;;;30;
jul_97;1373;Captura total 6 trampas;wp 156;-54.92165;-67.11291667;57;2;2;4;2;66.1;;;;5;
jul_97;1374;Captura total 6 trampas;wp 156;-54.92165;-67.11291667;57;2;1;3;;75.4;;;;;
jul_97;1375;Captura total 6 trampas;wp 156;-54.92165;-67.11291667;57;2;2;4;2;66.7;;;;3;
jul_97;1376;Captura total 6 trampas;wp 156;-54.92165;-67.11291667;57;2;2;4;2;67.2;;;;5;
jul_97;1377;Captura total de 0.75 trampas;wp 157;-54.9278;-67.02021667;30;2;1;3;;74.5;;;;;
jul_97;1378;Captura total de 0.75 trampas;wp 157;-54.9278;-67.02021667;30;2;1;3;;73.8;;;;;
jul_97;1379;Captura total de 0.75 trampas;wp 157;-54.9278;-67.02021667;30;2;1;3;;80.8;;;;;
jul_97;1380;Captura total de 0.75 trampas;wp 157;-54.9278;-67.02021667;30;2;1;3;;74.9;;;;;
jul_97;1381;Captura total de 0.75 trampas;wp 157;-54.9278;-67.02021667;30;2;1;3;;95.5;;;;;
jul_97;1382;Captura total de 0.75 trampas;wp 157;-54.9278;-67.02021667;30;2;1;3;;87.7;;;;;
jul_97;1383;Captura total de 0.75 trampas;wp 157;-54.9278;-67.02021667;30;2;1;4;2;83.5;;;;;
jul_97;1384;Captura total de 0.75 trampas;wp 157;-54.9278;-67.02021667;30;2;1;4;2;71.5;;;;;
jul_97;1385;Captura total de 0.75 trampas;wp 157;-54.9278;-67.02021667;30;2;1;3;;89.6;;;;;
jul_97;1386;Captura total de 0.75 trampas;wp 157;-54.9278;-67.02021667;30;2;1;4;2;77.1;;;;;
jul_97;1387;Captura total de 0.75 trampas;wp 157;-54.9278;-67.02021667;30;2;2;3;;67.8;;;;1;
jul_97;1388;Captura total de 0.75 trampas;wp 157;-54.9278;-67.02021667;30;2;1;3;;73.1;;;;;
jul_97;1389;Captura total de 0.75 trampas;wp 157;-54.9278;-67.02021667;30;2;1;3;;76.5;;;;;
jul_97;1390;Captura total de 0.75 trampas;wp 157;-54.9278;-67.02021667;30;2;1;3;;66.2;;;;;
jul_97;1391;Captura total de 0.75 trampas;wp 157;-54.9278;-67.02021667;30;2;1;3;;63.7;;;;;
jul_97;1392;Captura total de 0.75 trampas;wp 157;-54.9278;-67.02021667;30;2;1;3;;82.1;;;;;
jul_97;1393;Captura total de 0.75 trampas;wp 157;-54.9278;-67.02021667;30;2;1;3;;76.6;;;;;
jul_97;1394;Captura total de 0.75 trampas;wp 157;-54.9278;-67.02021667;30;2;1;3;;84.5;;;;;
jul_97;1395;Captura total de 0.75 trampas;wp 157;-54.9278;-67.02021667;30;2;1;3;;74.7;;;;;
jul_97;1396;Captura total de 0.75 trampas;wp 157;-54.9278;-67.02021667;30;2;1;3;;78.3;;;;;
jul_97;1397;Captura total de 0.75 trampas;wp 157;-54.9278;-67.02021667;30;2;1;4;2;82.5;;;;;
jul_97;1398;Captura total de 0.75 trampas;wp 157;-54.9278;-67.02021667;30;2;1;3;;83.4;;;;;
jul_97;1399;Captura total de 0.75 trampas;wp 157;-54.9278;-67.02021667;30;2;1;3;;65;;;;;
jul_97;1400;Captura total de 0.75 trampas;wp 157;-54.9278;-67.02021667;30;2;1;3;;77.6;;;;;
jul_97;1401;Captura total de 0.75 trampas;wp 157;-54.9278;-67.02021667;30;2;1;3;;83.3;;;;;
jul_97;1402;Captura total de 0.75 trampas;wp 157;-54.9278;-67.02021667;30;2;1;3;;69.4;;;;;
jul_97;1403;Captura total de 0.75 trampas;wp 157;-54.9278;-67.02021667;30;2;1;3;;76.5;;;;;
jul_97;1404;Captura total de 0.75 trampas;wp 157;-54.9278;-67.02021667;30;2;1;3;;78.7;;;;;
jul_97;1405;Captura total de 0.75 trampas;wp 157;-54.9278;-67.02021667;30;2;1;3;;76.5;;;;;
jul_97;1406;Captura total de 0.75 trampas;wp 157;-54.9278;-67.02021667;30;2;1;3;;75.4;;;;;
jul_97;1407;Captura total de 0.75 trampas;wp 157;-54.9278;-67.02021667;30;2;1;3;;73.9;;;;;
jul_97;1408;Captura total de 0.75 trampas;wp 157;-54.9278;-67.02021667;30;2;1;3;;78.2;;;;;
jul_97;1409;Captura total de 0.75 trampas;wp 157;-54.9278;-67.02021667;30;2;1;4;2;86;;;;;
jul_97;1410;Captura total de 0.75 trampas;wp 157;-54.9278;-67.02021667;30;2;1;3;;75.2;;;;;
jul_97;1411;Captura total de 0.75 trampas;wp 157;-54.9278;-67.02021667;30;2;1;3;;74.1;;;;;
jul_97;1412;Captura total de 0.75 trampas;wp 157;-54.9278;-67.02021667;30;2;1;3;;82.3;;;;;
jul_97;1413;Captura total de 0.75 trampas;wp 157;-54.9278;-67.02021667;30;2;2;3;;76.3;;;;1;
jul_97;1414;Captura total de 0.75 trampas;wp 157;-54.9278;-67.02021667;30;2;2;3;;83;;;;7;
jul_97;1415;Captura total de 0.75 trampas;wp 157;-54.9278;-67.02021667;30;2;1;3;;74;;;;;
jul_97;1416;Captura total de 0.75 trampas;wp 157;-54.9278;-67.02021667;30;2;2;3;;68.4;;;;0;
jul_97;1417;Captura total de 0.75 trampas;wp 157;-54.9278;-67.02021667;30;2;1;3;;69;;;;;
jul_97;1418;Captura total de 0.75 trampas;wp 157;-54.9278;-67.02021667;30;2;1;3;;72.2;;;;;
jul_97;1419;Captura total de 0.75 trampas;wp 157;-54.9278;-67.02021667;30;2;1;3;;76.9;;;;;
jul_97;1420;Captura total de 0.75 trampas;wp 157;-54.9278;-67.02021667;30;2;1;3;;72.6;;;;;
jul_97;1421;Captura total de 0.75 trampas;wp 157;-54.9278;-67.02021667;30;2;1;3;;78.7;;;;;
jul_97;1422;Captura total de 0.75 trampas;wp 157;-54.9278;-67.02021667;30;2;1;3;;69.9;;;;;
jul_97;1423;Captura total de 0.75 trampas;wp 157;-54.9278;-67.02021667;30;2;1;3;;78.5;;;;;
jul_97;1424;Captura total de 0.75 trampas;wp 157;-54.9278;-67.02021667;30;2;1;3;;75.2;;;;;
jul_97;1425;Captura total de 0.75 trampas;wp 157;-54.9278;-67.02021667;30;2;1;3;;80.1;;;;;
jul_97;1426;Captura total de 0.75 trampas;wp 157;-54.9278;-67.02021667;30;2;1;3;;99.5;;;;;
jul_97;1427;Captura total de 0.75 trampas;wp 157;-54.9278;-67.02021667;30;2;1;3;;74.6;;;;;
jul_97;1428;Captura total de 0.75 trampas;wp 157;-54.9278;-67.02021667;30;2;1;3;;74.4;;;;;
jul_97;1429;Captura total de 0.75 trampas;wp 157;-54.9278;-67.02021667;30;2;2;3;;67;;;;0;
jul_97;1430;Captura total de 0.75 trampas;wp 157;-54.9278;-67.02021667;30;2;1;3;;79;;;;;
jul_97;1431;Captura total de 0.75 trampas;wp 157;-54.9278;-67.02021667;30;2;1;3;;75;;;;;
jul_97;1432;Captura total de 0.75 trampas;wp 157;-54.9278;-67.02021667;30;2;1;3;;77;;;;;
jul_97;1433;Captura total de 0.75 trampas;wp 157;-54.9278;-67.02021667;30;2;1;4;2;88.9;;;;;
jul_97;1434;Captura total de 0.75 trampas;wp 157;-54.9278;-67.02021667;30;2;1;3;;69.2;;;;;
jul_97;1435;Captura total de 0.75 trampas;wp 157;-54.9278;-67.02021667;30;2;1;3;;78.4;;;;;
jul_97;1436;Captura total de 0.75 trampas;wp 157;-54.9278;-67.02021667;30;2;1;3;;53.2;;;;;
jul_97;1437;Captura total de 0.75 trampas;wp 157;-54.9278;-67.02021667;30;2;1;3;;69;;;;;
jul_97;1438;Captura total de 0.75 trampas;wp 157;-54.9278;-67.02021667;30;2;1;3;;92.9;;;;;
jul_97;1439;Captura total de 0.75 trampas;wp 157;-54.9278;-67.02021667;30;2;2;3;;74.1;;;;1;
jul_97;1440;Captura total de 0.75 trampas;wp 157;-54.9278;-67.02021667;30;2;1;3;;78.1;;;;;
jul_97;1441;Captura total de 0.75 trampas;wp 157;-54.9278;-67.02021667;30;2;1;3;;73.2;;;;;
jul_97;1442;Captura total de 0.75 trampas;wp 157;-54.9278;-67.02021667;30;2;1;3;;71.8;;;;;
jul_97;1443;Captura total de 0.75 trampas;wp 157;-54.9278;-67.02021667;30;2;1;3;;74.2;;;;;
jul_97;1444;Captura total de 0.75 trampas;wp 157;-54.9278;-67.02021667;30;2;1;3;;76;;;;;
jul_97;1445;Captura total de 0.75 trampas;wp 157;-54.9278;-67.02021667;30;2;1;3;;87.7;;;;;
jul_97;1446;Captura total de 0.75 trampas;wp 157;-54.9278;-67.02021667;30;2;2;4;2;69.5;;;;5;
jul_97;1447;Captura total de 0.75 trampas;wp 157;-54.9278;-67.02021667;30;2;2;3;;71.1;;;;30;
jul_97;1448;Captura total de 0.75 trampas;wp 157;-54.9278;-67.02021667;30;2;1;3;;75.2;;;;;
jul_97;1449;Captura total de 0.75 trampas;wp 157;-54.9278;-67.02021667;30;2;1;3;;68.5;;;;;
jul_97;1450;Captura total de 0.75 trampas;wp 157;-54.9278;-67.02021667;30;2;2;3;;63.1;;;;30;
jul_97;1451;Captura total de 0.75 trampas;wp 157;-54.9278;-67.02021667;30;2;1;3;;82.8;;;;;
jul_97;1452;Captura total de 0.75 trampas;wp 157;-54.9278;-67.02021667;30;2;1;3;;70.5;;;;;
jul_97;1453;Captura total de 0.75 trampas;wp 157;-54.9278;-67.02021667;30;2;1;3;;70;;;;;
jul_97;1454;Captura total de 0.75 trampas;wp 157;-54.9278;-67.02021667;30;2;1;3;;76.3;;;;;
jul_97;1455;Captura total de 0.75 trampas;wp 157;-54.9278;-67.02021667;30;2;1;3;;70.8;;;;;
jul_97;1456;Captura total de 0.75 trampas;wp 157;-54.9278;-67.02021667;30;2;1;4;2;86.6;;;;;
jul_97;1457;Captura total de 0.75 trampas;wp 157;-54.9278;-67.02021667;30;2;2;3;;71.5;;;;1;
jul_97;1458;Captura total de 0.75 trampas;wp 157;-54.9278;-67.02021667;30;2;1;3;;96.1;;;;;
jul_97;1459;Captura total de 0.75 trampas;wp 157;-54.9278;-67.02021667;30;2;2;3;;77.4;;;;3;
jul_97;1460;Captura total de 0.75 trampas;wp 157;-54.9278;-67.02021667;30;2;1;3;;72.7;;;;;
jul_97;1461;Captura total de 0.75 trampas;wp 157;-54.9278;-67.02021667;30;2;1;3;;80.2;;;;;
jul_97;1462;Captura total de 0.75 trampas;wp 157;-54.9278;-67.02021667;30;2;1;3;;84.2;;;;;
jul_97;1463;Captura total de 0.75 trampas;wp 157;-54.9278;-67.02021667;30;2;1;3;;74;;;;;
jul_97;1464;Captura total de 0.75 trampas;wp 157;-54.9278;-67.02021667;30;2;1;3;;65.4;;;;;
jul_97;1465;Captura total de 0.75 trampas;wp 157;-54.9278;-67.02021667;30;2;1;3;;76.2;;;;;
jul_97;1466;Captura total de 0.75 trampas;wp 157;-54.9278;-67.02021667;30;2;1;3;;70.2;;;;;
jul_97;1467;Captura total de 0.75 trampas;wp 157;-54.9278;-67.02021667;30;2;1;4;2;77;;;;;
jul_97;1468;Captura total de 0.75 trampas;wp 157;-54.9278;-67.02021667;30;2;1;3;;86.9;;;;;
jul_97;1469;Captura total de 0.75 trampas;wp 157;-54.9278;-67.02021667;30;2;1;3;;73;;;;;
jul_97;1470;Captura total de 0.75 trampas;wp 157;-54.9278;-67.02021667;30;2;1;3;;98;;;;;
jul_97;1471;Captura total de 0.75 trampas;wp 157;-54.9278;-67.02021667;30;2;1;3;;82.3;;;;;
jul_97;1472;Captura total de 0.75 trampas;wp 157;-54.9278;-67.02021667;30;2;1;3;;68.3;;;;;
jul_97;1473;Captura total de 0.75 trampas;wp 157;-54.9278;-67.02021667;30;2;1;3;;80;;;;;
jul_97;1474;Captura total de 0.75 trampas;wp 157;-54.9278;-67.02021667;30;2;1;4;2;83.6;;;;;
jul_97;1475;Captura total de 0.75 trampas;wp 157;-54.9278;-67.02021667;30;2;1;3;;73.6;;;;;
jul_97;1476;Captura total de 0.75 trampas;wp 157;-54.9278;-67.02021667;30;2;1;3;;69.4;;;;;
jul_97;1477;Captura total de 0.75 trampas;wp 157;-54.9278;-67.02021667;30;2;1;4;2;79.2;;;;;
jul_97;1478;Captura total de 0.75 trampas;wp 157;-54.9278;-67.02021667;30;2;1;3;;75.3;;;;;
jul_97;1479;Captura total de 0.75 trampas;wp 157;-54.9278;-67.02021667;30;2;1;3;;75.8;;;;;
jul_97;1480;Captura total de 0.75 trampas;wp 157;-54.9278;-67.02021667;30;2;1;4;2;87.7;;;;;
jul_97;1481;Captura total de 0.75 trampas;wp 157;-54.9278;-67.02021667;30;2;1;3;;72.5;;;;;
jul_97;1482;Captura total de 0.75 trampas;wp 157;-54.9278;-67.02021667;30;2;1;3;;85.5;;;;;
jul_97;1483;Captura total de 0.75 trampas;wp 157;-54.9278;-67.02021667;30;2;1;3;;94.5;;;;;
jul_97;1484;Captura total de 0.75 trampas;wp 157;-54.9278;-67.02021667;30;2;1;3;;80.6;;;;;
jul_97;1485;Captura total de 0.75 trampas;wp 157;-54.9278;-67.02021667;30;2;1;3;;80.2;;;;;
jul_97;1486;Captura total de 0.75 trampas;wp 157;-54.9278;-67.02021667;30;2;2;3;;80.3;;;;30;
jul_97;1487;Captura total de 0.75 trampas;wp 157;-54.9278;-67.02021667;30;2;1;3;;69.5;;;;;
jul_97;1488;Captura total de 0.75 trampas;wp 157;-54.9278;-67.02021667;30;2;1;3;;86.1;;;;;
jul_97;1489;Captura total de 0.75 trampas;wp 157;-54.9278;-67.02021667;30;2;1;3;;80.9;;;;;
jul_97;1490;Captura total de 0.75 trampas;wp 157;-54.9278;-67.02021667;30;2;1;3;;64.6;;;;;
jul_97;1491;Captura total de 0.75 trampas;wp 157;-54.9278;-67.02021667;30;2;1;3;;76;;;;;
jul_97;1492;Captura total de 0.75 trampas;wp 157;-54.9278;-67.02021667;30;2;1;3;;73.1;;;;;
jul_97;1493;Captura total de 0.75 trampas;wp 157;-54.9278;-67.02021667;30;2;1;3;;85.9;;;;;
jul_97;1494;Captura total de 0.75 trampas;wp 157;-54.9278;-67.02021667;30;2;1;3;;75.4;;;;;
jul_97;1495;Captura total de 0.75 trampas;wp 157;-54.9278;-67.02021667;30;2;1;3;;79.4;;;;;
jul_97;1496;Captura total de 0.75 trampas;wp 157;-54.9278;-67.02021667;30;2;1;3;;73.4;;;;;
jul_97;1497;Captura total de 0.75 trampas;wp 157;-54.9278;-67.02021667;30;2;1;3;;84.1;;;;;
jul_97;1498;Captura total de 0.75 trampas;wp 157;-54.9278;-67.02021667;30;2;2;3;;67.6;;;;0;
jul_97;1499;Captura total de 0.75 trampas;wp 157;-54.9278;-67.02021667;30;2;1;3;;67.4;;;;;
jul_97;1500;Captura total de 0.75 trampas;wp 157;-54.9278;-67.02021667;30;2;2;3;;59.7;;;;0;
jul_97;1501;Captura total de 0.75 trampas;wp 157;-54.9278;-67.02021667;30;2;2;3;;74.5;;;;30;
jul_97;1502;Captura total de 0.75 trampas;wp 157;-54.9278;-67.02021667;30;2;1;3;;73.9;;;;;
jul_97;1503;Captura total de 0.75 trampas;wp 157;-54.9278;-67.02021667;30;2;1;3;;72.2;;;;;
jul_97;1504;Captura total de 0.75 trampas;wp 157;-54.9278;-67.02021667;30;2;1;3;;90.9;;;;;
jul_97;1505;Captura total de 0.75 trampas;wp 157;-54.9278;-67.02021667;30;2;1;3;;75.1;;;;;
jul_97;1506;Captura total de 0.75 trampas;wp 157;-54.9278;-67.02021667;30;2;1;3;;71.3;;;;;
jul_97;1507;Captura total de 0.75 trampas;wp 157;-54.9278;-67.02021667;30;2;1;3;;71.2;;;;;
jul_97;1508;Captura total de 0.75 trampas;wp 157;-54.9278;-67.02021667;30;2;1;3;;72.1;;;;;
jul_97;1509;Captura total de 0.75 trampas;wp 157;-54.9278;-67.02021667;30;2;1;3;;73.6;;;;;
jul_97;1510;Captura total de 0.75 trampas;wp 157;-54.9278;-67.02021667;30;2;2;3;;70.8;;;;1;
jul_97;1511;Captura total de 0.75 trampas;wp 157;-54.9278;-67.02021667;30;2;1;3;;74.1;;;;;
jul_97;1512;Captura total de 0.75 trampas;wp 157;-54.9278;-67.02021667;30;2;2;3;;73.2;;;;1;
jul_97;1513;Captura total de 0.75 trampas;wp 157;-54.9278;-67.02021667;30;2;1;3;;73;;;;;
jul_97;1514;Captura total de 0.75 trampas;wp 157;-54.9278;-67.02021667;30;2;1;4;2;82.9;;;;;
jul_97;1515;Captura total de 0.75 trampas;wp 157;-54.9278;-67.02021667;30;2;2;4;2;72;;;;3;
jul_97;1516;Captura total de 0.75 trampas;wp 157;-54.9278;-67.02021667;30;2;1;3;;75;;;;;
jul_97;1517;Captura total de 0.75 trampas;wp 157;-54.9278;-67.02021667;30;2;1;4;2;65;;;;;
jul_97;1518;Captura total de 0.75 trampas;wp 157;-54.9278;-67.02021667;30;2;1;4;2;83.1;;;;;
jul_97;1519;Captura total de 0.75 trampas;wp 157;-54.9278;-67.02021667;30;2;1;4;2;81.6;;;;;
jul_97;1520;Captura total de 0.75 trampas;wp 157;-54.9278;-67.02021667;30;2;1;3;;79.9;;;;;
jul_97;1521;Captura total de 0.75 trampas;wp 157;-54.9278;-67.02021667;30;2;1;3;;77;;;;;
jul_97;1522;Captura total de 0.75 trampas;wp 157;-54.9278;-67.02021667;30;2;1;3;;72.2;;;;;
jul_97;1523;Captura total de 0.75 trampas;wp 157;-54.9278;-67.02021667;30;2;2;3;;77.3;;;;30;
jul_97;1524;Captura total de 0.75 trampas;wp 157;-54.9278;-67.02021667;30;2;1;3;;68.2;;;;;
jul_97;1525;Captura total de 0.75 trampas;wp 157;-54.9278;-67.02021667;30;2;2;3;;71.1;;;;1;
jul_97;1526;Captura total de 0.75 trampas;wp 157;-54.9278;-67.02021667;30;2;1;3;;68.9;;;;;
jul_97;1527;Captura total de 0.75 trampas;wp 157;-54.9278;-67.02021667;30;2;2;3;;69.1;;;;0;
jul_97;1528;Captura total de 0.75 trampas;wp 157;-54.9278;-67.02021667;30;2;1;3;;65;;;;;
jul_97;1529;Captura total de 0.75 trampas;wp 157;-54.9278;-67.02021667;30;2;2;3;;68.9;;;;1;
jul_97;1530;Captura total de 0.75 trampas;wp 157;-54.9278;-67.02021667;30;2;1;3;;78.1;;;;;
jul_97;1531;Captura total de 0.75 trampas;wp 157;-54.9278;-67.02021667;30;2;1;3;;69;;;;;
jul_97;1532;Captura total de 0.75 trampas;wp 157;-54.9278;-67.02021667;30;2;1;3;;68.1;;;;;
jul_97;1533;Captura total 9 trampas;wp 158;-54.9274667;-67.01845;25;1;2;;;92.1;;;;0;
jul_97;1534;Captura total 9 trampas;wp 158;-54.9274667;-67.01845;25;2;1;3;;80.5;;;;;
jul_97;1535;Captura total 9 trampas;wp 158;-54.9274667;-67.01845;25;2;1;3;;66.5;;;;;
jul_97;1536;Captura total 9 trampas;wp 158;-54.9274667;-67.01845;25;2;1;3;;71.8;;;;;
jul_97;1537;Captura total 9 trampas;wp 158;-54.9274667;-67.01845;25;2;2;3;;73.6;;;;30;
jul_97;1538;Captura total 9 trampas;wp 158;-54.9274667;-67.01845;25;2;1;3;;68.3;;;;;
jul_97;1539;Captura total 9 trampas;wp 158;-54.9274667;-67.01845;25;2;1;3;;72.1;;;;;
jul_97;1540;Captura total 9 trampas;wp 158;-54.9274667;-67.01845;25;2;1;3;;80.2;;;;;
jul_97;1541;Captura total 9 trampas;wp 158;-54.9274667;-67.01845;25;2;1;3;;77.6;;;;;
jul_97;1542;Captura total 9 trampas;wp 158;-54.9274667;-67.01845;25;2;1;3;;85.5;;;;;
jul_97;1543;Captura total 9 trampas;wp 158;-54.9274667;-67.01845;25;2;2;3;;59.8;;;;0;
jul_97;1544;Captura total 9 trampas;wp 158;-54.9274667;-67.01845;25;2;1;3;;85.8;;;;;
jul_97;1545;Captura total 9 trampas;wp 158;-54.9274667;-67.01845;25;2;1;3;;82.6;;;;;
jul_97;1546;Captura total 9 trampas;wp 158;-54.9274667;-67.01845;25;2;1;3;;89;;;;;
jul_97;1547;Captura total 9 trampas;wp 158;-54.9274667;-67.01845;25;2;1;3;;70.2;;;;;
jul_97;1548;Captura total 9 trampas;wp 158;-54.9274667;-67.01845;25;2;1;3;;64.2;;;;;
jul_97;1549;Captura total 9 trampas;wp 158;-54.9274667;-67.01845;25;2;1;3;;71;;;;;
jul_97;1550;Captura total 9 trampas;wp 158;-54.9274667;-67.01845;25;2;1;3;;63.9;;;;;
jul_97;1551;Captura total 9 trampas;wp 158;-54.9274667;-67.01845;25;2;1;3;;63.2;;;;;
jul_97;1552;Captura total 9 trampas;wp 158;-54.9274667;-67.01845;25;2;1;3;;69.1;;;;;
jul_97;1553;Captura total 9 trampas;wp 158;-54.9274667;-67.01845;25;2;2;3;;56.9;;;;0;
jul_97;1554;Captura total 9 trampas;wp 158;-54.9274667;-67.01845;25;2;1;3;;91.2;;;;;
jul_97;1555;Captura total 9 trampas;wp 158;-54.9274667;-67.01845;25;2;1;3;;73.7;;;;;
jul_97;1556;Captura total 9 trampas;wp 158;-54.9274667;-67.01845;25;2;1;3;;64.4;;;;;
jul_97;1557;Captura total 9 trampas;wp 158;-54.9274667;-67.01845;25;2;1;3;;60.2;;;;;
jul_97;1558;Captura total 9 trampas;wp 158;-54.9274667;-67.01845;25;2;1;3;;67;;;;;
jul_97;1559;Captura total 9 trampas;wp 158;-54.9274667;-67.01845;25;2;1;4;2;78.5;;;;;
jul_97;1560;Captura total 9 trampas;wp 158;-54.9274667;-67.01845;25;2;1;3;;80.9;;;;;
jul_97;1561;Captura total 9 trampas;wp 158;-54.9274667;-67.01845;25;2;1;3;;72.3;;;;;
jul_97;1562;Captura total 9 trampas;wp 158;-54.9274667;-67.01845;25;2;1;3;;77.2;;;;;
jul_97;1563;Captura total 9 trampas;wp 158;-54.9274667;-67.01845;25;2;1;4;2;97.1;;;;;
jul_97;1564;Captura total 9 trampas;wp 158;-54.9274667;-67.01845;25;2;1;3;;81.4;;;;;
jul_97;1565;Captura total 9 trampas;wp 158;-54.9274667;-67.01845;25;2;1;3;;71.3;;;;;
jul_97;1566;Captura total 9 trampas;wp 158;-54.9274667;-67.01845;25;2;1;3;;97.6;;;;;
jul_97;1567;Captura total 9 trampas;wp 158;-54.9274667;-67.01845;25;2;1;3;;102.7;;;;;
jul_97;1568;Captura total 9 trampas;wp 158;-54.9274667;-67.01845;25;2;1;3;;87.4;;;;;
jul_97;1569;Captura total 9 trampas;wp 158;-54.9274667;-67.01845;25;2;1;3;;76.1;;;;;
jul_97;1570;Captura total 9 trampas;wp 158;-54.9274667;-67.01845;25;2;1;4;2;81.9;;;;;
jul_97;1571;Captura total 9 trampas;wp 158;-54.9274667;-67.01845;25;2;2;3;;55;;;;0;20
jul_97;1572;Captura total 9 trampas;wp 158;-54.9274667;-67.01845;25;2;1;3;;66.6;;;;;
jul_97;1573;Captura total 9 trampas;wp 158;-54.9274667;-67.01845;25;2;1;3;;79.2;;;;;
jul_97;1574;Captura total 9 trampas;wp 158;-54.9274667;-67.01845;25;1;1;3;;66.2;;40.1;14.7;;
jul_97;1575;Captura total 9 trampas;wp 158;-54.9274667;-67.01845;25;1;1;3;;100.5;;62.7;29.1;;
jul_97;1576;Captura total 9 trampas;wp 158;-54.9274667;-67.01845;25;2;1;3;;89;;;;;
jul_97;1578;Captura total 9 trampas;wp 158;-54.9274667;-67.01845;25;2;1;4;;77.7;;;;;
jul_97;1579;Captura total 9 trampas;wp 158;-54.9274667;-67.01845;25;2;1;3;;69.5;;;;;
jul_97;1580;Captura total 9 trampas;wp 158;-54.9274667;-67.01845;25;2;2;3;;60.9;;;;0;
jul_97;1581;Captura total 9 trampas;wp 158;-54.9274667;-67.01845;25;2;1;3;;66.4;;;;;
jul_97;1582;Captura total 9 trampas;wp 158;-54.9274667;-67.01845;25;2;1;3;;76.1;;;;;
jul_97;1583;Captura total 9 trampas;wp 158;-54.9274667;-67.01845;25;2;1;3;;76.6;;;;;
jul_97;1584;Captura total 9 trampas;wp 158;-54.9274667;-67.01845;25;2;1;3;;68.3;;;;;
jul_97;1585;Captura total 9 trampas;wp 158;-54.9274667;-67.01845;25;2;1;3;;89.1;;;;;
jul_97;1586;Captura total 9 trampas;wp 158;-54.9274667;-67.01845;25;2;2;3;;58;;;;0;
jul_97;1587;Captura total 9 trampas;wp 158;-54.9274667;-67.01845;25;2;1;3;;85.5;;;;;
jul_97;1588;Captura total 9 trampas;wp 158;-54.9274667;-67.01845;25;2;1;3;;69.1;;;;;20
jul_97;1589;Captura total 9 trampas;wp 158;-54.9274667;-67.01845;25;2;1;4;2;88.8;;;;;
jul_97;1590;Captura total 9 trampas;wp 158;-54.9274667;-67.01845;25;2;1;3;;83.4;;;;;
jul_97;1591;Captura total 9 trampas;wp 158;-54.9274667;-67.01845;25;2;1;3;;86.6;;;;;
jul_97;1592;Captura total 9 trampas;wp 158;-54.9274667;-67.01845;25;2;1;3;;83.2;;;;;
jul_97;1593;Captura total 9 trampas;wp 158;-54.9274667;-67.01845;25;2;1;3;;65.7;;;;;
jul_97;1594;Captura total 9 trampas;wp 158;-54.9274667;-67.01845;25;2;1;3;;81.2;;;;;
jul_97;1595;Captura total 9 trampas;wp 158;-54.9274667;-67.01845;25;2;1;3;;98.5;;;;;
jul_97;1596;Captura total 9 trampas;wp 158;-54.9274667;-67.01845;25;2;1;3;;82.3;;;;;
jul_97;1597;Captura total 9 trampas;wp 158;-54.9274667;-67.01845;25;2;1;3;;84.7;;;;;
jul_97;1598;Captura total 9 trampas;wp 158;-54.9274667;-67.01845;25;2;1;3;;64.6;;;;;
jul_97;1599;Captura total 9 trampas;wp 158;-54.9274667;-67.01845;25;2;1;3;;94.1;;;;;
jul_97;1600;Captura total 9 trampas;wp 158;-54.9274667;-67.01845;25;2;1;3;;74.2;;;;;
jul_97;1601;Captura total 9 trampas;wp 158;-54.9274667;-67.01845;25;2;1;3;;79.8;;;;;
jul_97;1602;Captura total 9 trampas;wp 158;-54.9274667;-67.01845;25;2;1;4;2;84.1;;;;;
jul_97;1603;Captura total 9 trampas;wp 158;-54.9274667;-67.01845;25;2;1;4;2;92.5;;;;;
jul_97;1604;Captura total 9 trampas;wp 158;-54.9274667;-67.01845;25;2;1;3;;103.6;;;;;
jul_97;1605;Captura total 9 trampas;wp 158;-54.9274667;-67.01845;25;2;1;4;2;86.8;;;;;
jul_97;1606;Captura total 9 trampas;wp 158;-54.9274667;-67.01845;25;2;1;3;;93.9;;;;;
jul_97;1607;Captura total 9 trampas;wp 158;-54.9274667;-67.01845;25;2;1;3;;89.9;;;;;
jul_97;1608;Captura total 9 trampas;wp 158;-54.9274667;-67.01845;25;2;2;3;;64;;;;0;
jul_97;1609;Captura total 9 trampas;wp 158;-54.9274667;-67.01845;25;2;1;3;;88.9;;;;;
jul_97;1610;Captura total 9 trampas;wp 158;-54.9274667;-67.01845;25;2;1;3;;57.2;;;;;20
jul_97;1611;Captura total 9 trampas;wp 158;-54.9274667;-67.01845;25;2;1;3;;81.2;;;;;
jul_97;1612;Captura total 9 trampas;wp 158;-54.9274667;-67.01845;25;2;1;3;;78.9;;;;;
jul_97;1613;Captura total 9 trampas;wp 158;-54.9274667;-67.01845;25;2;1;3;;86.9;;;;;
jul_97;1614;Captura total 9 trampas;wp 158;-54.9274667;-67.01845;25;2;1;3;;83.7;;;;;
jul_97;1615;Captura total 9 trampas;wp 158;-54.9274667;-67.01845;25;2;1;3;;75.3;;;;;
jul_97;1616;Captura total 9 trampas;wp 158;-54.9274667;-67.01845;25;2;1;3;;75.6;;;;;
jul_97;1617;Captura total 9 trampas;wp 158;-54.9274667;-67.01845;25;2;1;3;;73.4;;;;;
jul_97;1618;Captura total 9 trampas;wp 158;-54.9274667;-67.01845;25;2;1;4;3;80.4;;;;;
jul_97;1619;Captura total 9 trampas;wp 158;-54.9274667;-67.01845;25;2;1;3;;74;;;;;
jul_97;1620;Captura total 9 trampas;wp 158;-54.9274667;-67.01845;25;2;1;3;;78.6;;;;;
jul_97;1621;Captura total 9 trampas;wp 158;-54.9274667;-67.01845;25;2;1;3;;87.2;;;;;
jul_97;1622;Captura total 9 trampas;wp 158;-54.9274667;-67.01845;25;2;1;3;;89.7;;;;;
jul_97;1623;Captura total 9 trampas;wp 158;-54.9274667;-67.01845;25;2;1;3;;72.3;;;;;
jul_97;1624;Captura total 9 trampas;wp 158;-54.9274667;-67.01845;25;2;1;3;;78.1;;;;;
jul_97;1625;Captura total 9 trampas;wp 158;-54.9274667;-67.01845;25;2;1;3;;71;;;;;
jul_97;1626;Captura total 9 trampas;wp 158;-54.9274667;-67.01845;25;2;1;3;;78.2;;;;;
jul_97;1627;Captura total 9 trampas;wp 158;-54.9274667;-67.01845;25;2;1;3;;83.7;;;;;
jul_97;1628;Captura total 9 trampas;wp 158;-54.9274667;-67.01845;25;2;1;3;;75.8;;;;;
jul_97;1629;Captura total 9 trampas;wp 158;-54.9274667;-67.01845;25;2;1;3;;88.7;;;;;
jul_97;1630;Captura total 9 trampas;wp 158;-54.9274667;-67.01845;25;2;1;4;2;87.1;;;;;
jul_97;1631;Captura total 9 trampas;wp 158;-54.9274667;-67.01845;25;2;1;3;;85.6;;;;;
jul_97;1632;Captura total 9 trampas;wp 158;-54.9274667;-67.01845;25;2;1;3;;79.2;;;;;
jul_97;1633;Captura total 9 trampas;wp 158;-54.9274667;-67.01845;25;2;1;4;2;93.6;;;;;
jul_97;1634;Captura total 9 trampas;wp 158;-54.9274667;-67.01845;25;2;1;3;;88.6;;;;;
jul_97;1635;Captura total 9 trampas;wp 158;-54.9274667;-67.01845;25;2;1;3;;101.5;;;;;
jul_97;1636;Captura total 9 trampas;wp 158;-54.9274667;-67.01845;25;2;1;3;;75.2;;;;;
jul_97;1637;Captura total 9 trampas;wp 158;-54.9274667;-67.01845;25;2;1;3;;66.9;;;;;
jul_97;1638;Captura total 9 trampas;wp 158;-54.9274667;-67.01845;25;2;1;3;;67.2;;;;;
jul_97;1639;Captura total 9 trampas;wp 158;-54.9274667;-67.01845;25;2;1;3;;70.8;;;;;
jul_97;1640;Captura total 9 trampas;wp 158;-54.9274667;-67.01845;25;2;1;3;;69;;;;;
jul_97;1641;Captura total 9 trampas;wp 158;-54.9274667;-67.01845;25;2;1;3;;72.3;;;;;
jul_97;1642;Captura total 9 trampas;wp 158;-54.9274667;-67.01845;25;2;1;3;;68.2;;;;;
jul_97;1643;Captura total 9 trampas;wp 158;-54.9274667;-67.01845;25;2;1;3;;70.2;;;;;
jul_97;1644;Captura total 9 trampas;wp 158;-54.9274667;-67.01845;25;2;1;3;;66.9;;;;;
jul_97;1645;Captura total 9 trampas;wp 158;-54.9274667;-67.01845;25;2;1;3;;81.7;;;;;
jul_97;1646;Captura total 9 trampas;wp 158;-54.9274667;-67.01845;25;2;1;3;;73.4;;;;;
jul_97;1647;Captura total 9 trampas;wp 158;-54.9274667;-67.01845;25;2;1;3;;66.2;;;;;
jul_97;1648;Captura total 9 trampas;wp 158;-54.9274667;-67.01845;25;2;2;3;;60.6;;;;0;20
jul_97;1649;Captura total 9 trampas;wp 158;-54.9274667;-67.01845;25;2;1;3;;90.2;;;;;
jul_97;1650;Captura total 9 trampas;wp 158;-54.9274667;-67.01845;25;2;1;3;;72.4;;;;;
jul_97;1651;Captura total 9 trampas;wp 158;-54.9274667;-67.01845;25;2;1;3;;81.6;;;;;
jul_97;1652;Captura total 9 trampas;wp 158;-54.9274667;-67.01845;25;2;1;3;;61.5;;;;;
jul_97;1653;Captura total 9 trampas;wp 158;-54.9274667;-67.01845;25;2;1;3;;90.1;;;;;
jul_97;1654;Captura total 9 trampas;wp 158;-54.9274667;-67.01845;25;2;1;3;;58;;;;;
jul_97;1655;Captura total 9 trampas;wp 158;-54.9274667;-67.01845;25;2;1;3;;98.6;;;;;
jul_97;1656;Captura total 9 trampas;wp 158;-54.9274667;-67.01845;25;2;1;3;;75.1;;;;;
jul_97;1657;Captura total 9 trampas;wp 158;-54.9274667;-67.01845;25;2;1;3;;66.3;;;;;
jul_97;1658;Captura total 9 trampas;wp 158;-54.9274667;-67.01845;25;2;1;3;;70.8;;;;;
jul_97;1659;Captura total 9 trampas;wp 158;-54.9274667;-67.01845;25;2;1;3;;70.1;;;;;
jul_97;1660;Captura total 9 trampas;wp 158;-54.9274667;-67.01845;25;2;1;3;;68.1;;;;;
jul_97;1661;Captura total 9 trampas;wp 158;-54.9274667;-67.01845;25;2;2;3;;57.4;;;;1;
jul_97;1662;Captura total 9 trampas;wp 158;-54.9274667;-67.01845;25;2;2;3;;63.7;;;;0;
jul_97;1663;Captura total 9 trampas;wp 158;-54.9274667;-67.01845;25;2;1;3;;58.4;;;;;
jul_97;1664;Captura total 9 trampas;wp 158;-54.9274667;-67.01845;25;2;1;3;;62.7;;;;;20
jul_97;1665;Captura total 9 trampas;wp 158;-54.9274667;-67.01845;25;2;2;3;;63.9;;;;1;
jul_97;1666;Captura total 9 trampas;wp 158;-54.9274667;-67.01845;25;2;1;3;;63.7;;;;;
jul_97;1667;Captura total 9 trampas;wp 158;-54.9274667;-67.01845;25;1;1;3;;69.1;;39.9;15.6;;
jul_97;1668;Captura total 9 trampas;wp 158;-54.9274667;-67.01845;25;1;1;3;;70.1;;41.6;16.9;;
jul_97;1669;Captura total 9 trampas;wp 158;-54.9274667;-67.01845;25;1;1;2;;86.8;;53;22.3;;
jul_97;1670;Captura total 9 trampas;wp 158;-54.9274667;-67.01845;25;1;1;2;;77.7;;47;19.5;;
jul_97;1671;Captura total 9 trampas;wp 158;-54.9274667;-67.01845;25;2;1;3;;103.9;;;;;
jul_97;1672;Captura total 9 trampas;wp 158;-54.9274667;-67.01845;25;2;1;4;2;81.3;;;;;
jul_97;1673;Captura total 9 trampas;wp 158;-54.9274667;-67.01845;25;2;1;3;;69.2;;;;;
jul_97;1674;Captura total 9 trampas;wp 158;-54.9274667;-67.01845;25;2;1;3;;67;;;;;
jul_97;1675;Captura total 9 trampas;wp 158;-54.9274667;-67.01845;25;2;1;3;;59;;;;;
jul_97;1676;Captura total 9 trampas;wp 158;-54.9274667;-67.01845;25;2;2;4;2;71.2;;;;0;
jul_97;1677;Captura total 9 trampas;wp 158;-54.9274667;-67.01845;25;2;2;3;;64.9;;;;0;
jul_97;1678;Captura total 9 trampas;wp 158;-54.9274667;-67.01845;25;2;1;3;;74.4;;;;;
jul_97;1679;Captura total 9 trampas;wp 158;-54.9274667;-67.01845;25;2;1;3;;66.4;;;;;
jul_97;1680;Captura total 9 trampas;wp 158;-54.9274667;-67.01845;25;2;2;3;;62.1;;;;0;
jul_97;1681;Captura total 9 trampas;wp 158;-54.9274667;-67.01845;25;2;1;3;;69.6;;;;;
jul_97;1682;Captura total 9 trampas;wp 158;-54.9274667;-67.01845;25;2;2;3;;68.1;;;;0;
jul_97;1683;Captura total de 0.75 trampas;wp 159;-54.9414833;-66.97395;33;2;1;4;2;83;;;;;
jul_97;1684;Captura total de 0.75 trampas;wp 159;-54.9414833;-66.97395;33;2;1;3;;80.1;;;;;
jul_97;1685;Captura total de 0.75 trampas;wp 159;-54.9414833;-66.97395;33;2;1;3;;79;;;;;
jul_97;1686;Captura total de 0.75 trampas;wp 159;-54.9414833;-66.97395;33;2;1;3;;74.6;;;;;
jul_97;1687;Captura total de 0.75 trampas;wp 159;-54.9414833;-66.97395;33;2;1;3;;78.9;;;;;
jul_97;1688;Captura total de 0.75 trampas;wp 159;-54.9414833;-66.97395;33;2;1;3;;79.9;;;;;
jul_97;1689;Captura total de 0.75 trampas;wp 159;-54.9414833;-66.97395;33;2;1;3;;82.1;;;;;
jul_97;1690;Captura total de 0.75 trampas;wp 159;-54.9414833;-66.97395;33;2;1;3;;80;;;;;
jul_97;1691;Captura total de 0.75 trampas;wp 159;-54.9414833;-66.97395;33;2;1;3;;72.1;;;;;
jul_97;1692;Captura total de 0.75 trampas;wp 159;-54.9414833;-66.97395;33;2;1;3;;77.6;;;;;
jul_97;1693;Captura total de 0.75 trampas;wp 159;-54.9414833;-66.97395;33;2;1;3;;80.2;;;;;
jul_97;1694;Captura total de 0.75 trampas;wp 159;-54.9414833;-66.97395;33;2;1;3;;76.2;;;;;
jul_97;1695;Captura total de 0.75 trampas;wp 159;-54.9414833;-66.97395;33;2;1;3;;81.7;;;;;
jul_97;1696;Captura total de 0.75 trampas;wp 159;-54.9414833;-66.97395;33;2;1;4;2;85.8;;;;;
jul_97;1697;Captura total de 0.75 trampas;wp 159;-54.9414833;-66.97395;33;2;1;3;;82.8;;;;;
jul_97;1698;Captura total de 0.75 trampas;wp 159;-54.9414833;-66.97395;33;2;1;4;2;82.4;;;;;
jul_97;1699;Captura total de 0.75 trampas;wp 159;-54.9414833;-66.97395;33;2;1;3;;77.3;;;;;
jul_97;1700;Captura total de 0.75 trampas;wp 159;-54.9414833;-66.97395;33;2;1;4;2;81;;;;;
jul_97;1701;Captura total de 0.75 trampas;wp 159;-54.9414833;-66.97395;33;2;1;4;2;88.1;;;;;
jul_97;1702;Captura total de 0.75 trampas;wp 159;-54.9414833;-66.97395;33;2;1;4;2;78.9;;;;;
jul_97;1703;Captura total de 0.75 trampas;wp 159;-54.9414833;-66.97395;33;2;1;3;;75.9;;;;;
jul_97;1704;Captura total de 0.75 trampas;wp 159;-54.9414833;-66.97395;33;2;1;3;;86.2;;;;;
jul_97;1705;Captura total de 0.75 trampas;wp 159;-54.9414833;-66.97395;33;2;1;3;;82.8;;;;;
jul_97;1706;Captura total de 0.75 trampas;wp 159;-54.9414833;-66.97395;33;2;2;3;;78.1;;;;1;
jul_97;1707;Captura total de 0.75 trampas;wp 159;-54.9414833;-66.97395;33;2;1;3;;74.9;;;;;
jul_97;1708;Captura total de 0.75 trampas;wp 159;-54.9414833;-66.97395;33;2;1;3;;77.1;;;;;
jul_97;1709;Captura total de 0.75 trampas;wp 159;-54.9414833;-66.97395;33;2;1;3;;79.2;;;;;
jul_97;1710;Captura total de 0.75 trampas;wp 159;-54.9414833;-66.97395;33;2;1;4;2;87.2;;;;;
jul_97;1711;Captura total de 0.75 trampas;wp 159;-54.9414833;-66.97395;33;2;1;4;2;80.1;;;;;
jul_97;1712;Captura total de 0.75 trampas;wp 159;-54.9414833;-66.97395;33;2;2;3;;72.8;;;;0;
jul_97;1713;Captura total de 0.75 trampas;wp 159;-54.9414833;-66.97395;33;2;1;3;;74.3;;;;;
jul_97;1714;Captura total de 0.75 trampas;wp 159;-54.9414833;-66.97395;33;2;1;3;;70.1;;;;;
jul_97;1715;Captura total de 0.75 trampas;wp 159;-54.9414833;-66.97395;33;2;1;3;;67.7;;;;;
jul_97;1716;Captura total de 0.75 trampas;wp 159;-54.9414833;-66.97395;33;2;1;3;;77.1;;;;;
jul_97;1717;Captura total de 0.75 trampas;wp 159;-54.9414833;-66.97395;33;2;1;3;;79.6;;;;;
jul_97;1718;Captura total de 0.75 trampas;wp 159;-54.9414833;-66.97395;33;2;1;3;;81.5;;;;;
jul_97;1719;Captura total de 0.75 trampas;wp 159;-54.9414833;-66.97395;33;2;1;3;;76.3;;;;;
jul_97;1720;Captura total de 0.75 trampas;wp 159;-54.9414833;-66.97395;33;2;1;3;;74.6;;;;;
jul_97;1721;Captura total de 0.75 trampas;wp 159;-54.9414833;-66.97395;33;2;1;3;;83.5;;;;;
jul_97;1722;Captura total de 0.75 trampas;wp 159;-54.9414833;-66.97395;33;2;1;3;;81.8;;;;;
jul_97;1723;Captura total de 0.75 trampas;wp 159;-54.9414833;-66.97395;33;2;1;3;;72.6;;;;;
jul_97;1724;Captura total de 0.75 trampas;wp 159;-54.9414833;-66.97395;33;2;1;3;;85.5;;;;;
jul_97;1725;Captura total de 0.75 trampas;wp 159;-54.9414833;-66.97395;33;2;1;3;;82.4;;;;;
jul_97;1726;Captura total de 0.75 trampas;wp 159;-54.9414833;-66.97395;33;2;1;3;;80.6;;;;;
jul_97;1727;Captura total de 0.75 trampas;wp 159;-54.9414833;-66.97395;33;2;1;4;2;85.8;;;;;
jul_97;1728;Captura total de 0.75 trampas;wp 159;-54.9414833;-66.97395;33;2;1;4;2;86;;;;;
jul_97;1729;Captura total de 0.75 trampas;wp 159;-54.9414833;-66.97395;33;2;1;3;;85.8;;;;;
jul_97;1730;Captura total de 0.75 trampas;wp 159;-54.9414833;-66.97395;33;2;1;4;2;80.6;;;;;
jul_97;1731;Captura total de 0.75 trampas;wp 159;-54.9414833;-66.97395;33;2;1;3;;76.9;;;;;
jul_97;1732;Captura total de 0.75 trampas;wp 159;-54.9414833;-66.97395;33;2;1;3;;81.1;;;;;
jul_97;1733;Captura total de 0.75 trampas;wp 159;-54.9414833;-66.97395;33;2;1;3;;87.7;;;;;
jul_97;1734;Captura total de 0.75 trampas;wp 159;-54.9414833;-66.97395;33;2;1;3;;79;;;;;
jul_97;1735;Captura total de 0.75 trampas;wp 159;-54.9414833;-66.97395;33;2;2;3;;78;;;;1;
jul_97;1736;Captura total de 0.75 trampas;wp 159;-54.9414833;-66.97395;33;2;1;3;;79;;;;;
jul_97;1737;Captura total de 0.75 trampas;wp 159;-54.9414833;-66.97395;33;2;1;3;;81;;;;;
jul_97;1738;Captura total de 0.75 trampas;wp 159;-54.9414833;-66.97395;33;2;1;3;;83.8;;;;;
jul_97;1739;Captura total de 0.75 trampas;wp 159;-54.9414833;-66.97395;33;2;1;3;;75.1;;;;;
jul_97;1740;Captura total de 0.75 trampas;wp 159;-54.9414833;-66.97395;33;2;1;3;;79.7;;;;;
jul_97;1741;Captura total de 0.75 trampas;wp 159;-54.9414833;-66.97395;33;2;1;4;2;83;;;;;
jul_97;1742;Captura total de 0.75 trampas;wp 159;-54.9414833;-66.97395;33;2;1;3;;74.1;;;;;
jul_97;1743;Captura total de 0.75 trampas;wp 159;-54.9414833;-66.97395;33;2;1;3;;85;;;;;
jul_97;1744;Captura total de 0.75 trampas;wp 159;-54.9414833;-66.97395;33;2;1;3;;84.6;;;;;
jul_97;1745;Captura total de 0.75 trampas;wp 159;-54.9414833;-66.97395;33;2;1;3;;88;;;;;
jul_97;1746;Captura total de 0.75 trampas;wp 159;-54.9414833;-66.97395;33;2;1;4;2;83.3;;;;;
jul_97;1747;Captura total de 0.75 trampas;wp 159;-54.9414833;-66.97395;33;2;1;3;;89.2;;;;;
jul_97;1748;Captura total de 0.75 trampas;wp 159;-54.9414833;-66.97395;33;2;1;3;;72.2;;;;;
jul_97;1749;Captura total de 0.75 trampas;wp 159;-54.9414833;-66.97395;33;2;1;3;;89.7;;;;;
jul_97;1750;Captura total de 0.75 trampas;wp 159;-54.9414833;-66.97395;33;2;1;3;;93.9;;;;;
jul_97;1751;Captura total de 0.75 trampas;wp 159;-54.9414833;-66.97395;33;2;1;3;;78.3;;;;;
jul_97;1752;Captura total de 0.75 trampas;wp 159;-54.9414833;-66.97395;33;2;1;3;;93;;;;;
jul_97;1753;Captura total de 0.75 trampas;wp 159;-54.9414833;-66.97395;33;2;1;3;;77.9;;;;;
jul_97;1754;Captura total de 0.75 trampas;wp 159;-54.9414833;-66.97395;33;2;1;3;;84.5;;;;;
jul_97;1755;Captura total de 0.75 trampas;wp 159;-54.9414833;-66.97395;33;2;1;3;;80.7;;;;;
jul_97;1756;Captura total de 0.75 trampas;wp 159;-54.9414833;-66.97395;33;2;1;3;;80.5;;;;;
jul_97;1757;Captura total de 0.75 trampas;wp 159;-54.9414833;-66.97395;33;2;1;3;;83.5;;;;;
jul_97;1758;Captura total de 0.75 trampas;wp 159;-54.9414833;-66.97395;33;2;1;3;;73.4;;;;;
jul_97;1759;Captura total de 0.75 trampas;wp 159;-54.9414833;-66.97395;33;2;1;3;;70.5;;;;;
jul_97;1760;Captura total de 0.75 trampas;wp 159;-54.9414833;-66.97395;33;2;1;3;;85.3;;;;;
jul_97;1761;Captura total de 0.75 trampas;wp 159;-54.9414833;-66.97395;33;2;1;4;2;96.7;;;;;
jul_97;1762;Captura total de 0.75 trampas;wp 159;-54.9414833;-66.97395;33;2;1;3;;84;;;;;
jul_97;1763;Captura total de 0.75 trampas;wp 159;-54.9414833;-66.97395;33;2;1;3;;80;;;;;
jul_97;1764;Captura total de 0.75 trampas;wp 159;-54.9414833;-66.97395;33;2;1;3;;74.8;;;;;
jul_97;1765;Captura total de 0.75 trampas;wp 159;-54.9414833;-66.97395;33;2;1;3;;77.5;;;;;
jul_97;1766;Captura total de 0.75 trampas;wp 159;-54.9414833;-66.97395;33;2;1;3;;85.1;;;;;
jul_97;1767;Captura total de 0.75 trampas;wp 159;-54.9414833;-66.97395;33;2;1;3;;95.4;;;;;
jul_97;1768;Captura total de 0.75 trampas;wp 159;-54.9414833;-66.97395;33;2;1;3;;89.4;;;;;
jul_97;1769;Captura total de 0.75 trampas;wp 159;-54.9414833;-66.97395;33;2;1;4;2;86.1;;;;;
jul_97;1770;Captura total de 0.75 trampas;wp 159;-54.9414833;-66.97395;33;2;1;4;;86.9;;;;;
jul_97;1771;Captura total de 0.75 trampas;wp 159;-54.9414833;-66.97395;33;2;1;3;;76.6;;;;;
jul_97;1772;Captura total de 0.75 trampas;wp 159;-54.9414833;-66.97395;33;2;1;3;;73.3;;;;;
jul_97;1773;Captura total de 0.75 trampas;wp 159;-54.9414833;-66.97395;33;2;1;3;;69.1;;;;;
jul_97;1774;Captura total de 0.75 trampas;wp 159;-54.9414833;-66.97395;33;2;1;3;;74.7;;;;;
jul_97;1775;Captura total de 0.75 trampas;wp 159;-54.9414833;-66.97395;33;2;1;3;;79.9;;;;;
jul_97;1776;Captura total de 0.75 trampas;wp 159;-54.9414833;-66.97395;33;2;1;3;;74.6;;;;;
jul_97;1777;Captura total de 0.75 trampas;wp 159;-54.9414833;-66.97395;33;2;1;3;;83.3;;;;;
jul_97;1778;Captura total de 0.75 trampas;wp 159;-54.9414833;-66.97395;33;2;1;3;;85.5;;;;;
jul_97;1779;Captura total de 0.75 trampas;wp 159;-54.9414833;-66.97395;33;2;1;3;;75.3;;;;;
jul_97;1780;Captura total de 0.75 trampas;wp 159;-54.9414833;-66.97395;33;2;1;3;;79.5;;;;;
jul_97;1781;Captura total de 0.75 trampas;wp 159;-54.9414833;-66.97395;33;2;1;3;;85.8;;;;;
jul_97;1782;Captura total de 0.75 trampas;wp 159;-54.9414833;-66.97395;33;2;1;3;;83.4;;;;;
jul_97;1783;Captura total de 0.75 trampas;wp 159;-54.9414833;-66.97395;33;2;1;3;;83.9;;;;;
jul_97;1784;Captura total de 0.75 trampas;wp 159;-54.9414833;-66.97395;33;2;1;3;;79;;;;;
jul_97;1785;Captura total de 0.75 trampas;wp 159;-54.9414833;-66.97395;33;2;1;3;;72.5;;;;;
jul_97;1786;Captura total de 0.75 trampas;wp 159;-54.9414833;-66.97395;33;2;1;3;;73.4;;;;;
jul_97;1787;Captura total de 0.75 trampas;wp 159;-54.9414833;-66.97395;33;2;1;3;;73.9;;;;;
jul_97;1788;Captura total de 0.75 trampas;wp 159;-54.9414833;-66.97395;33;2;1;3;;88.7;;;;;
jul_97;1789;Captura total de 0.75 trampas;wp 159;-54.9414833;-66.97395;33;2;1;4;2;84.7;;;;;
jul_97;1790;Captura total de 0.75 trampas;wp 159;-54.9414833;-66.97395;33;2;1;3;;94.2;;;;;
jul_97;1791;Captura total de 0.75 trampas;wp 159;-54.9414833;-66.97395;33;2;1;3;;84.1;;;;;
jul_97;1792;Captura total de 0.75 trampas;wp 159;-54.9414833;-66.97395;33;2;1;3;;85.2;;;;;
jul_97;1793;Captura total de 0.75 trampas;wp 159;-54.9414833;-66.97395;33;2;1;3;;80.5;;;;;
jul_97;1794;Captura total de 0.75 trampas;wp 159;-54.9414833;-66.97395;33;2;1;3;;89.6;;;;;
jul_97;1795;Captura total de 0.75 trampas;wp 159;-54.9414833;-66.97395;33;2;1;3;;76.3;;;;;
jul_97;1796;Captura total de 0.75 trampas;wp 159;-54.9414833;-66.97395;33;2;1;3;;85.5;;;;;
jul_97;1797;Captura total de 0.75 trampas;wp 159;-54.9414833;-66.97395;33;2;1;3;;86.4;;;;;
jul_97;1798;Captura total de 0.75 trampas;wp 159;-54.9414833;-66.97395;33;2;1;3;;90.8;;;;;
jul_97;1799;Captura total de 0.75 trampas;wp 159;-54.9414833;-66.97395;33;2;1;4;2;89.9;;;;;
jul_97;1800;Captura total de 0.75 trampas;wp 159;-54.9414833;-66.97395;33;2;1;3;;81.3;;;;;
jul_97;1801;Captura total de 0.75 trampas;wp 159;-54.9414833;-66.97395;33;2;1;3;;72.7;;;;;
jul_97;1802;Captura total de 0.75 trampas;wp 159;-54.9414833;-66.97395;33;2;1;3;;79;;;;;
jul_97;1803;Captura total de 0.75 trampas;wp 159;-54.9414833;-66.97395;33;2;1;3;;70;;;;;20
jul_97;1804;Captura total de 0.75 trampas;wp 159;-54.9414833;-66.97395;33;2;1;3;;79.4;;;;;
jul_97;1805;Captura total de 0.75 trampas;wp 159;-54.9414833;-66.97395;33;2;1;3;;88.7;;;;;
jul_97;1806;Captura total de 0.75 trampas;wp 159;-54.9414833;-66.97395;33;2;1;3;;76.5;;;;;
jul_97;1807;Captura total de 0.75 trampas;wp 159;-54.9414833;-66.97395;33;2;1;3;;91.5;;;;;
jul_97;1808;Captura total de 0.75 trampas;wp 159;-54.9414833;-66.97395;33;2;1;3;;75.5;;;;;
jul_97;1809;Captura total de 0.75 trampas;wp 159;-54.9414833;-66.97395;33;2;1;3;;93.4;;;;;
jul_97;1810;Captura total de 0.75 trampas;wp 159;-54.9414833;-66.97395;33;2;1;3;;73.3;;;;;
jul_97;1811;Captura total de 0.75 trampas;wp 159;-54.9414833;-66.97395;33;2;1;3;;75.5;;;;;
jul_97;1812;Captura total de 0.75 trampas;wp 159;-54.9414833;-66.97395;33;2;1;3;;75.1;;;;;
jul_97;1813;Captura total de 0.75 trampas;wp 159;-54.9414833;-66.97395;33;2;1;3;;75.1;;;;;
jul_97;1814;Captura total de 0.75 trampas;wp 159;-54.9414833;-66.97395;33;2;1;3;;86.8;;;;;
jul_97;1815;Captura total de 0.75 trampas;wp 159;-54.9414833;-66.97395;33;2;1;3;;72.5;;;;;
jul_97;1816;Captura total de 0.75 trampas;wp 159;-54.9414833;-66.97395;33;2;1;3;;83.2;;;;;
jul_97;1817;Captura total de 0.75 trampas;wp 159;-54.9414833;-66.97395;33;2;2;3;;63.2;;;;0;
jul_97;1818;Captura total de 0.75 trampas;wp 159;-54.9414833;-66.97395;33;2;1;3;;76.6;;;;;
jul_97;1819;Captura total de 0.75 trampas;wp 159;-54.9414833;-66.97395;33;2;1;3;;77.6;;;;;
jul_97;1820;Captura total de 0.75 trampas;wp 159;-54.9414833;-66.97395;33;2;1;3;;78.5;;;;;
jul_97;1821;Muestreo de Desembarque;;;;;2;1;3;;78;;;;;
jul_97;1822;Muestreo de Desembarque;;;;;2;1;3;;87.1;;;;;
jul_97;1823;Muestreo de Desembarque;;;;;2;1;4;2;95.2;;;;;
jul_97;1824;Muestreo de Desembarque;;;;;2;1;3;;80.6;;;;;
jul_97;1825;Muestreo de Desembarque;;;;;2;1;3;;84.6;;;;;
jul_97;1826;Muestreo de Desembarque;;;;;2;1;3;;102.7;;;;;
jul_97;1827;Muestreo de Desembarque;;;;;2;1;3;;83;;;;;
jul_97;1828;Muestreo de Desembarque;;;;;2;1;3;;86;;;;;
jul_97;1829;Muestreo de Desembarque;;;;;2;1;3;;83.5;;;;;
jul_97;1830;Muestreo de Desembarque;;;;;2;1;4;2;92.1;;;;;
jul_97;1831;Muestreo de Desembarque;;;;;2;1;4;2;83.2;;;;;
jul_97;1832;Muestreo de Desembarque;;;;;2;1;3;;77.8;;;;;
jul_97;1833;Muestreo de Desembarque;;;;;2;1;3;;93.6;;;;;
jul_97;1834;Muestreo de Desembarque;;;;;2;1;3;;88.7;;;;;
jul_97;1835;Muestreo de Desembarque;;;;;2;1;3;;89;;;;;
jul_97;1836;Muestreo de Desembarque;;;;;2;1;3;;92.3;;;;;
jul_97;1837;Muestreo de Desembarque;;;;;2;1;3;;83.5;;;;;
jul_97;1838;Muestreo de Desembarque;;;;;2;1;3;;90.8;;;;;
jul_97;1839;Muestreo de Desembarque;;;;;2;1;3;;83.2;;;;;
jul_97;1840;Muestreo de Desembarque;;;;;2;1;4;2;84.2;;;;;
jul_97;1841;Muestreo de Desembarque;;;;;2;1;3;;79.2;;;;;
jul_97;1842;Muestreo de Desembarque;;;;;2;1;3;;109.8;;;;;
jul_97;1843;Muestreo de Desembarque;;;;;2;1;3;;85;;;;;
jul_97;1844;Muestreo de Desembarque;;;;;2;1;4;2;93.9;;;;;
jul_97;1845;Muestreo de Desembarque;;;;;2;1;3;;95;;;;;
jul_97;1846;Muestreo de Desembarque;;;;;2;1;3;;83;;;;;
jul_97;1847;Muestreo de Desembarque;;;;;2;1;3;;95;;;;;
jul_97;1848;Muestreo de Desembarque;;;;;2;1;3;;81.6;;;;;
jul_97;1849;Muestreo de Desembarque;;;;;2;1;3;;87.3;;;;;
jul_97;1850;Muestreo de Desembarque;;;;;2;1;4;2;85.1;;;;;
jul_97;1851;Muestreo de Desembarque;;;;;2;1;3;;100.2;;;;;
jul_97;1852;Muestreo de Desembarque;;;;;2;1;3;;97.1;;;;;
jul_97;1853;Muestreo de Desembarque;;;;;2;1;3;;85.7;;;;;
jul_97;1854;Muestreo de Desembarque;;;;;2;1;3;;80.4;;;;;
jul_97;1855;Muestreo de Desembarque;;;;;2;1;3;;86.3;;;;;
jul_97;1856;Muestreo de Desembarque;;;;;2;1;3;;91.7;;;;;
jul_97;1857;Muestreo de Desembarque;;;;;2;1;4;2;84;;;;;
jul_97;1858;Muestreo de Desembarque;;;;;2;1;3;;89.7;;;;;
jul_97;1859;Muestreo de Desembarque;;;;;2;1;4;2;96.8;;;;;
jul_97;1860;Muestreo de Desembarque;;;;;2;1;4;;85.1;;;;;
jul_97;1861;Muestreo de Desembarque;;;;;2;1;4;;100.4;;;;;
jul_97;1862;Muestreo de Desembarque;;;;;2;1;4;;91.3;;;;;
jul_97;1863;Muestreo de Desembarque;;;;;2;1;4;2;83.4;;;;;
jul_97;1864;Muestreo de Desembarque;;;;;2;1;3;;93.5;;;;;
jul_97;1865;Muestreo de Desembarque;;;;;2;1;3;;81.6;;;;;
jul_97;1866;Muestreo de Desembarque;;;;;2;1;3;;87.7;;;;;
jul_97;1867;Muestreo de Desembarque;;;;;2;1;3;;86.7;;;;;
jul_97;1868;Muestreo de Desembarque;;;;;2;1;3;;86.6;;;;;
jul_97;1869;Muestreo de Desembarque;;;;;2;1;4;2;91.2;;;;;
jul_97;1870;Muestreo de Desembarque;;;;;2;1;3;;85.5;;;;;
jul_97;1871;Muestreo de Desembarque;;;;;2;1;3;;86.5;;;;;
jul_97;1872;Muestreo de Desembarque;;;;;2;1;3;;90;;;;;
jul_97;1873;Muestreo de Desembarque;;;;;2;1;4;2;98;;;;;
jul_97;1874;Muestreo de Desembarque;;;;;2;1;3;;92.6;;;;;
jul_97;1875;Muestreo de Desembarque;;;;;2;1;3;;79.8;;;;;
jul_97;1876;Muestreo de Desembarque;;;;;2;1;3;;87.5;;;;;
jul_97;1877;Muestreo de Desembarque;;;;;2;1;3;;84.2;;;;;
jul_97;1878;Muestreo de Desembarque;;;;;2;1;4;2;93.2;;;;;
jul_97;1879;Muestreo de Desembarque;;;;;2;1;4;2;85;;;;;
jul_97;1880;Muestreo de Desembarque;;;;;2;1;3;;78.8;;;;;
jul_97;1881;Muestreo de Desembarque;;;;;2;1;4;2;84.4;;;;;
jul_97;1882;Muestreo de Desembarque;;;;;2;1;3;;78;;;;;
jul_97;1883;Muestreo de Desembarque;;;;;2;1;4;2;96.7;;;;;
jul_97;1884;Muestreo de Desembarque;;;;;2;1;3;;105.1;;;;;
jul_97;1885;Muestreo de Desembarque;;;;;2;1;4;2;88.4;;;;;
jul_97;1886;Muestreo de Desembarque;;;;;2;1;3;;89.3;;;;;
jul_97;1887;Muestreo de Desembarque;;;;;2;1;3;;83.7;;;;;
jul_97;1888;Muestreo de Desembarque;;;;;2;1;3;;82.5;;;;;
jul_97;1889;Muestreo de Desembarque;;;;;2;1;3;;87.9;;;;;
jul_97;1890;Muestreo de Desembarque;;;;;2;1;4;2;96.3;;;;;
jul_97;1891;Muestreo de Desembarque;;;;;2;1;3;;92.8;;;;;
jul_97;1892;Muestreo de Desembarque;;;;;2;1;3;;93.2;;;;;
jul_97;1893;Muestreo de Desembarque;;;;;2;1;3;;87.4;;;;;
jul_97;1894;Muestreo de Desembarque;;;;;2;1;3;;82.1;;;;;
jul_97;1895;Muestreo de Desembarque;;;;;2;1;3;;94.7;;;;;
jul_97;1896;Muestreo de Desembarque;;;;;2;1;3;;89.1;;;;;
jul_97;1897;Muestreo de Desembarque;;;;;2;1;4;2;82.7;;;;;
jul_97;1898;Muestreo de Desembarque;;;;;2;1;3;;89.6;;;;;
jul_97;1899;Muestreo de Desembarque;;;;;2;1;3;;94.2;;;;;
jul_97;1900;Muestreo de Desembarque;;;;;2;1;3;;86.6;;;;;
jul_97;1901;Muestreo de Desembarque;;;;;2;1;3;;85.4;;;;;
jul_97;1902;Muestreo de Desembarque;;;;;2;1;3;;88.5;;;;;
jul_97;1903;Muestreo de Desembarque;;;;;2;1;3;;86.6;;;;;
jul_97;1904;Muestreo de Desembarque;;;;;2;1;4;3;93.1;;;;;
jul_97;1905;Muestreo de Desembarque;;;;;2;1;4;2;95.7;;;;;
jul_97;1906;Muestreo de Desembarque;;;;;2;1;4;2.3;92;;;;;
jul_97;1907;Muestreo de Desembarque;;;;;2;1;3;;81.9;;;;;
jul_97;1908;Muestreo de Desembarque;;;;;2;1;3;;87.9;;;;;
jul_97;1909;Muestreo de Desembarque;;;;;2;1;3;;84;;;;;
jul_97;1910;Muestreo de Desembarque;;;;;2;1;3;;84.9;;;;;
jul_97;1911;Muestreo de Desembarque;;;;;2;1;4;2;87.1;;;;;
jul_97;1912;Muestreo de Desembarque;;;;;2;1;3;;90.3;;;;;
jul_97;1913;Muestreo de Desembarque;;;;;2;1;4;2;96.3;;;;;
jul_97;1914;Muestreo de Desembarque;;;;;2;1;3;;86.2;;;;;
jul_97;1915;Muestreo de Desembarque;;;;;2;1;3;;89.2;;;;;
jul_97;1916;Muestreo de Desembarque;;;;;2;1;3;;77.9;;;;;
jul_97;1917;Muestreo de Desembarque;;;;;2;1;3;;83.1;;;;;
jul_97;1918;Muestreo de Desembarque;;;;;2;1;3;;80.2;;;;;
jul_97;1919;Muestreo de Desembarque;;;;;2;1;3;;75.4;;;;;
jul_97;1920;Muestreo de Desembarque;;;;;2;1;4;2;92.1;;;;;
jul_97;1921;Muestreo de Desembarque;;;;;2;1;3;;91.1;;;;;
jul_97;1922;Muestreo de Desembarque;;;;;2;1;3;;80.7;;;;;
jul_97;1923;Muestreo de Desembarque;;;;;2;1;3;;88.4;;;;;
jul_97;1924;Muestreo de Desembarque;;;;;2;1;3;;87.6;;;;;
jul_97;1925;Muestreo de Desembarque;;;;;2;1;3;;96.1;;;;;
jul_97;1926;Muestreo de Desembarque;;;;;2;1;3;;88.2;;;;;
jul_97;1927;Muestreo de Desembarque;;;;;2;1;3;;95.6;;;;;
jul_97;1928;Muestreo de Desembarque;;;;;2;1;3;;85.3;;;;;
jul_97;1929;Muestreo de Desembarque;;;;;2;1;3;;85.2;;;;;
jul_97;1930;Muestreo de Desembarque;;;;;2;1;3;;88.2;;;;;
jul_97;1931;Muestreo de Desembarque;;;;;2;1;3;;78.1;;;;;
jul_97;1932;Muestreo de Desembarque;;;;;2;1;3;;93.3;;;;;
jul_97;1933;Muestreo de Desembarque;;;;;2;1;4;2;83.5;;;;;
jul_97;1934;Muestreo de Desembarque;;;;;2;1;3;;86.5;;;;;
jul_97;1935;Muestreo de Desembarque;;;;;2;1;3;;87.7;;;;;
jul_97;1936;Muestreo de Desembarque;;;;;2;1;3;;80.9;;;;;
jul_97;1937;Muestreo de Desembarque;;;;;2;1;3;;101.7;;;;;
jul_97;1938;Muestreo de Desembarque;;;;;2;1;3;;81.5;;;;;
jul_97;1939;Muestreo de Desembarque;;;;;2;1;3;;79.1;;;;;
jul_97;1940;Muestreo de Desembarque;;;;;2;1;3;;95.1;;;;;
jul_97;1941;Muestreo de Desembarque;;;;;2;1;4;2;90.2;;;;;
jul_97;1942;Muestreo de Desembarque;;;;;2;1;4;2;82.2;;;;;
jul_97;1943;Muestreo de Desembarque;;;;;2;1;3;;82.3;;;;;
jul_97;1944;Muestreo de Desembarque;;;;;2;1;3;;96.5;;;;;
jul_97;1945;Muestreo de Desembarque;;;;;2;1;3;;83.7;;;;;
jul_97;1946;Muestreo de Desembarque;;;;;2;1;3;;97;;;;;
jul_97;1947;Muestreo de Desembarque;;;;;2;1;3;;88;;;;;
jul_97;1948;Muestreo de Desembarque;;;;;2;1;3;;85.2;;;;;
jul_97;1949;Muestreo de Desembarque;;;;;2;1;3;;94.8;;;;;
jul_97;1950;Muestreo de Desembarque;;;;;2;1;3;;85;;;;;
jul_97;1951;Muestreo de Desembarque;;;;;2;1;3;;81;;;;;
jul_97;1952;Muestreo de Desembarque;;;;;2;1;3;;85.3;;;;;
jul_97;1953;Muestreo de Desembarque;;;;;2;1;3;;83.5;;;;;
jul_97;1954;Muestreo de Desembarque;;;;;2;1;3;;93.5;;;;;
jul_97;1955;Muestreo de Desembarque;;;;;2;1;3;;83.5;;;;;
jul_97;1956;Muestreo de Desembarque;;;;;2;1;3;;85.6;;;;;
jul_97;1957;Muestreo de Desembarque;;;;;2;1;3;;85;;;;;
jul_97;1958;Muestreo de Desembarque;;;;;2;1;3;;79.7;;;;;
jul_97;1959;Muestreo de Desembarque;;;;;2;1;3;;80;;;;;
jul_97;1960;Muestreo de Desembarque;;;;;2;1;3;;92.1;;;;;
jul_97;1961;Muestreo de Desembarque;;;;;2;1;4;2;84.5;;;;;
jul_97;1962;Muestreo de Desembarque;;;;;2;1;4;2;83.2;;;;;
jul_97;1963;Muestreo de Desembarque;;;;;2;1;3;;97.3;;;;;
jul_97;1964;Muestreo de Desembarque;;;;;2;1;3;;77.5;;;;;
jul_97;1965;Muestreo de Desembarque;;;;;2;1;3;;83;;;;;
jul_97;1966;Muestreo de Desembarque;;;;;2;1;3;;89.1;;;;;
jul_97;1967;Muestreo de Desembarque;;;;;2;1;4;;77.6;;;;;
jul_97;1968;Muestreo de Desembarque;;;;;2;1;3;;82.1;;;;;
jul_97;1969;Muestreo de Desembarque;;;;;2;1;3;;83;;;;;
jul_97;1970;Muestreo de Desembarque;;;;;2;1;3;;71.1;;;;;
jul_97;1971;Muestreo de Desembarque;;;;;2;1;3;;82.7;;;;;
jul_97;1972;Muestreo de Desembarque;;;;;2;1;3;;78.5;;;;;
jul_97;1973;Muestreo de Desembarque;;;;;2;1;3;;94.7;;;;;
jul_97;1974;Muestreo de Desembarque;;;;;2;1;3;;89.5;;;;;
jul_97;1975;Muestreo de Desembarque;;;;;2;1;3;;87.5;;;;;
jul_97;1976;Muestreo de Desembarque;;;;;2;1;3;;81.2;;;;;
jul_97;1977;Muestreo de Desembarque;;;;;2;1;3;;78.7;;;;;
jul_97;1978;Muestreo de Desembarque;;;;;2;1;3;;84;;;;;
jul_97;1979;Muestreo de Desembarque;;;;;2;1;3;;88.1;;;;;
jul_97;1980;Muestreo de Desembarque;;;;;2;1;3;;86;;;;;
jul_97;1981;Muestreo de Desembarque;;;;;2;1;3;;89.2;;;;;
jul_97;1982;Muestreo de Desembarque;;;;;2;1;3;;93.4;;;;;
jul_97;1983;Muestreo de Desembarque;;;;;2;1;4;2;87.3;;;;;
jul_97;1984;Muestreo de Desembarque;;;;;2;1;4;2;78.4;;;;;20
jul_97;1985;Muestreo de Desembarque;;;;;2;1;3;;90.4;;;;;
jul_97;1986;Muestreo de Desembarque;;;;;2;1;3;;81.4;;;;;
jul_97;1987;Muestreo de Desembarque;;;;;2;1;3;;72.3;;;;;
jul_97;1988;Muestreo de Desembarque;;;;;2;1;3;;92;;;;;
jul_97;1989;Muestreo de Desembarque;;;;;2;1;3;;84.3;;;;;
jul_97;1990;Muestreo de Desembarque;;;;;2;1;3;;84.9;;;;;
jul_97;1991;Muestreo de Desembarque;;;;;2;1;3;;91.8;;;;;
jul_97;1992;Muestreo de Desembarque;;;;;2;1;3;;78.1;;;;;
jul_97;1993;Muestreo de Desembarque;;;;;2;1;3;;87.4;;;;;
jul_97;1994;Muestreo de Desembarque;;;;;2;1;4;2;83.1;;;;;
jul_97;1995;Muestreo de Desembarque;;;;;2;1;3;;82.4;;;;;
jul_97;1996;Muestreo de Desembarque;;;;;2;1;3;;78.9;;;;;
jul_97;1997;Muestreo de Desembarque;;;;;2;1;4;2;100.7;;;;;
jul_97;1998;Muestreo de Desembarque;;;;;2;1;3;;80.8;;;;;
jul_97;1999;Muestreo de Desembarque;;;;;2;1;3;;84.1;;;;;
jul_97;2000;Muestreo de Desembarque;;;;;2;1;3;;79.7;;;;;
jul_97;2001;Muestreo de Desembarque;;;;;2;1;3;;84.3;;;;;
jul_97;2002;Muestreo de Desembarque;;;;;2;1;3;;82.6;;;;;
jul_97;2003;Muestreo de Desembarque;;;;;2;1;4;2;81.1;;;;;
jul_97;2004;Muestreo de Desembarque;;;;;2;1;3;;78.9;;;;;
jul_97;2005;Muestreo de Desembarque;;;;;2;1;3;;82.1;;;;;
jul_97;2006;Muestreo de Desembarque;;;;;2;1;3;;91.5;;;;;
jul_97;2007;Muestreo de Desembarque;;;;;2;1;3;;76.5;;;;;
jul_97;2008;Muestreo de Desembarque;;;;;2;1;3;;83;;;;;
jul_97;2009;Muestreo de Desembarque;;;;;2;1;3;;94.7;;;;;
jul_97;2010;Muestreo de Desembarque;;;;;2;1;3;;82.8;;;;;
jul_97;2011;Muestreo de Desembarque;;;;;2;1;3;;83.1;;;;;
jul_97;2012;Muestreo de Desembarque;;;;;2;1;3;;92.3;;;;;
jul_97;2013;Muestreo de Desembarque;;;;;2;1;4;2;86.3;;;;;
jul_97;2014;Muestreo de Desembarque;;;;;2;1;3;;81.2;;;;;
jul_97;2015;Muestreo de Desembarque;;;;;2;1;3;;78.3;;;;;
jul_97;2016;Muestreo de Desembarque;;;;;2;1;4;2;95.2;;;;;
jul_97;2017;Muestreo de Desembarque;;;;;2;1;3;;83.3;;;;;
jul_97;2018;Muestreo de Desembarque;;;;;2;1;4;2;77.2;;;;;
jul_97;2019;Muestreo de Desembarque;;;;;2;1;3;;82.2;;;;;
jul_97;2020;Muestreo de Desembarque;;;;;2;1;4;;92.8;;;;;
jul_97;2021;Muestreo de Desembarque;;;;;2;1;4;2;82.5;;;;;
jul_97;2022;Muestreo de Desembarque;;;;;2;1;3;;82.1;;;;;
jul_97;2023;Muestreo de Desembarque;;;;;2;1;3;;78.4;;;;;
jul_97;2024;Muestreo de Desembarque;;;;;2;1;3;;88.2;;;;;
jul_97;2025;Muestreo de Desembarque;;;;;2;1;3;;94;;;;;
jul_97;2026;Muestreo de Desembarque;;;;;2;1;3;;76.6;;;;;
jul_97;2027;Muestreo de Desembarque;;;;;2;1;3;;83.7;;;;;
jul_97;2028;Muestreo de Desembarque;;;;;2;1;4;2;88.7;;;;;
jul_97;2029;Muestreo de Desembarque;;;;;2;1;3;;81.4;;;;;
jul_97;2030;Muestreo de Desembarque;;;;;2;1;3;;91.5;;;;;
jul_97;2031;Muestreo de Desembarque;;;;;2;1;3;;83.5;;;;;
jul_97;2032;Muestreo de Desembarque;;;;;2;1;3;;80.3;;;;;
jul_97;2033;Muestreo de Desembarque;;;;;2;1;3;;105.2;;;;;
jul_97;2034;Muestreo de Desembarque;;;;;2;1;3;;86.5;;;;;
jul_97;2035;Muestreo de Desembarque;;;;;2;1;3;;92.2;;;;;
jul_97;2036;Muestreo de Desembarque;;;;;2;1;4;2;97.6;;;;;
jul_97;2037;Muestreo de Desembarque;;;;;2;1;3;;77.1;;;;;
jul_97;2038;Muestreo de Desembarque;;;;;2;1;4;2;94;;;;;
jul_97;2039;Muestreo de Desembarque;;;;;2;1;3;;85.5;;;;;
jul_97;2040;Muestreo de Desembarque;;;;;2;1;3;;90.2;;;;;
jul_97;2041;Muestreo de Desembarque;;;;;2;1;3;;89.7;;;;;
jul_97;2042;Muestreo de Desembarque;;;;;2;1;3;;78.1;;;;;
jul_97;2043;Muestreo de Desembarque;;;;;2;1;3;;80.5;;;;;
jul_97;2044;Muestreo de Desembarque;;;;;2;1;3;;77.8;;;;;
jul_97;2045;Muestreo de Desembarque;;;;;2;1;3;;92.3;;;;;
jul_97;2046;Muestreo de Desembarque;;;;;2;1;3;;84.7;;;;;
jul_97;2047;Muestreo de Desembarque;;;;;2;1;3;;85.4;;;;;
jul_97;2048;Muestreo de Desembarque;;;;;2;1;3;;83.2;;;;;
jul_97;2049;Muestreo de Desembarque;;;;;2;1;3;;87.5;;;;;
jul_97;2050;Muestreo de Desembarque;;;;;2;1;3;;85.5;;;;;
jul_97;2051;Muestreo de Desembarque;;;;;2;1;3;;80.6;;;;;
jul_97;2052;Muestreo de Desembarque;;;;;2;1;3;;79.5;;;;;
jul_97;2053;Muestreo de Desembarque;;;;;2;1;3;;80.3;;;;;
jul_97;2054;Muestreo de Desembarque;;;;;2;1;4;2;93.8;;;;;
jul_97;2055;Muestreo de Desembarque;;;;;2;1;3;;79.3;;;;;
jul_97;2056;Muestreo de Desembarque;;;;;2;1;3;;77.4;;;;;
jul_97;2057;Muestreo de Desembarque;;;;;2;1;3;;76;;;;;
jul_97;2058;Muestreo de Desembarque;;;;;2;1;3;;88;;;;;
jul_97;2059;Muestreo de Desembarque;;;;;2;1;3;;96.7;;;;;
jul_97;2060;Muestreo de Desembarque;;;;;2;1;3;;82.8;;;;;
jul_97;2061;Muestreo de Desembarque;;;;;2;1;3;;82;;;;;
jul_97;2062;Muestreo de Desembarque;;;;;2;1;3;;85.4;;;;;
jul_97;2063;Muestreo de Desembarque;;;;;2;1;3;;83.5;;;;;
jul_97;2064;Muestreo de Desembarque;;;;;2;1;3;;76.3;;;;;
jul_97;2065;Muestreo de Desembarque;;;;;2;1;3;;78.5;;;;;
